region_x;country;population;Christians;Muslims;Religiously_unaffiliated;Buddhists;Hindus;Jews;Other_religions;country_code_alpha2;country-code;region_y;sub-region;country_de;foreigners
Asia-Pacific;Afghanistan;39,068,979;7,571;39,015,051;3,304;7,814;50;10;35,179;AF;4;Asia;Southern Asia;Afghanistan;442020.0
Europe;Albania;2,871,954;511,657;2,139,813;219,787;5;20;289;382;AL;8;Europe;Southern Europe;Albanien;125445.0
Middle East-North Africa;Algeria;44,042,091;129,920;43,329,641;557,664;6,607;0;57;18,202;DZ;12;Africa;Northern Africa;Algerien;25860.0
Sub-Saharan Africa;Angola;33,451,133;31,124,508;85,520;2,045,473;801;3,102;400;191,330;AO;24;Africa;Sub-Saharan Africa;Angola;6665.0
Latin America-Caribbean;Argentina;45,191,965;39,974,074;419,922;4,172,533;14,038;1,163;173,979;436,255;AR;32;Americas;Latin America and the Caribbean;Argentinien;10100.0
Asia-Pacific;Armenia;2,890,893;2,813,205;7,712;34,051;309;216;103;35,296;AM;51;Asia;Western Asia;Armenien;32815.0
Asia-Pacific;Australia;25,743,791;12,035,331;901,843;10,900,956;672,312;762,897;108,230;362,221;AU;36;Oceania;Australia and New Zealand;Australien;13780.0
Europe;Austria;8,921,405;6,083,568;740,723;1,998,162;26,496;10,103;5,384;56,968;AT;40;Europe;Western Europe;Österreich;181510.0
Asia-Pacific;Azerbaijan;10,181,730;42,730;9,644,874;484,645;208;693;8,580;0;AZ;31;Asia;Western Asia;Aserbaidschan;37860.0
Latin America-Caribbean;Bahamas;395,863;386,320;340;7,351;0;500;196;1,156;BS;44;Americas;Latin America and the Caribbean;Bahamas;65.0
Middle East-North Africa;Bahrain;1,483,077;202,789;1,097,795;4,747;2,367;166,191;213;8,975;BH;48;Asia;Western Asia;Bahrain;540.0
Asia-Pacific;Bangladesh;166,298,024;499,044;151,443,154;0;1,014,722;13,141,486;0;199,618;BD;50;Asia;Southern Asia;Bangladesch;24330.0
Latin America-Caribbean;Barbados;281,698;217,891;1,992;56,731;301;1,302;129;3,352;BB;52;Americas;Latin America and the Caribbean;Barbados;155.0
Europe;Belarus;9,350,944;7,960,518;24,528;1,287,788;3,537;521;6,989;67,062;BY;112;Europe;Eastern Europe;Belarus;28365.0
Europe;Belgium;11,540,107;5,882,166;786,035;4,498,732;20,589;26,799;28,946;296,841;BE;56;Europe;Western Europe;Belgien;30335.0
Latin America-Caribbean;Belize;390,812;290,631;704;61,082;989;764;772;35,869;BZ;84;Americas;Latin America and the Caribbean;Belize;55.0
Sub-Saharan Africa;Benin;13,070,169;6,957,403;4,104,194;638,597;1,075;1,084;8;1,367,808;BJ;204;Africa;Sub-Saharan Africa;Benin;5275.0
Asia-Pacific;Bhutan;770,006;4,237;1,711;336;575,466;173,297;0;14,959;BT;64;Asia;Southern Asia;Bhutan;160.0
Latin America-Caribbean;Bolivia;11,816,300;10,507,715;1,158;1,128,180;2,227;436;495;176,088;BO;68;Americas;Latin America and the Caribbean;Bolivien;2530.0
Europe;Bosnia-Herzegovina;3,299,350;1,474,082;1,770,067;34,503;89;0;497;20,111;BA;70;Europe;Southern Europe;Bosnien und Herzegowina;249730.0
Sub-Saharan Africa;Botswana;2,365,894;1,946,908;7,817;348,312;5,399;3,252;93;54,113;BW;72;Africa;Sub-Saharan Africa;Botsuana;255.0
Latin America-Caribbean;Brazil;208,660,843;168,295,544;36,936;28,113,467;215,207;1,608;92,141;11,905,941;BR;76;Americas;Latin America and the Caribbean;Brasilien;58985.0
Asia-Pacific;Brunei;447,404;29,947;367,545;699;28,172;5,976;0;15,065;BN;96;Asia;South-eastern Asia;Brunei;30.0
Europe;Bulgaria;6,933,652;5,512,051;711,305;695,595;1,835;202;3,189;9,476;BG;100;Europe;Eastern Europe;Bulgarien;432080.0
Sub-Saharan Africa;Burkina Faso;21,478,690;6,014,971;14,478,720;123,674;269;130;0;860,926;BF;854;Africa;Sub-Saharan Africa;Burkina Faso;2945.0
Sub-Saharan Africa;Burundi;12,617,036;11,983,696;377,703;158,086;21;942;21;96,568;BI;108;Africa;Sub-Saharan Africa;Burundi;2475.0
Asia-Pacific;Cambodia;16,725,474;52,923;341,685;13,220;16,238,906;133;0;78,608;KH;116;Asia;South-eastern Asia;Kambodscha;1295.0
Sub-Saharan Africa;Cameroon;26,210,558;18,303,865;6,593,861;545,144;477;1,948;1,672;763,591;CM;120;Africa;Sub-Saharan Africa;Kamerun;36565.0
North America;Canada;38,171,902;20,353,687;1,865,790;13,218,712;663,179;582,029;352,344;1,136,160;CA;124;Americas;Northern America;Kanada;19945.0
Sub-Saharan Africa;Cape Verde;514,680;402,984;1,609;106,107;27;7;64;3,882;CV;132;Africa;Sub-Saharan Africa;Kap Verde;345.0
Sub-Saharan Africa;Central African Republic;5,026,629;4,557,904;313,714;22,743;94;122;160;131,892;CF;140;Africa;Sub-Saharan Africa;Zentralafrikanische Republik;220.0
Sub-Saharan Africa;Chad;17,224,679;6,699,376;9,707,447;539,935;1,873;1,722;0;274,327;TD;148;Africa;Sub-Saharan Africa;Tschad;790.0
Latin America-Caribbean;Chile;19,370,624;13,235,177;12,977;5,862,725;7,423;1,034;15,801;235,487;CL;152;Americas;Latin America and the Caribbean;Chile;12090.0
Asia-Pacific;China;1,426,106,093;25,452,526;25,980,822;1,278,120,922;53,378,804;29,118;3,038;43,140,859;CN;156;Asia;Eastern Asia;China;163000.0
Latin America-Caribbean;Colombia;50,629,998;43,666,834;1,988;5,034,446;4,669;519;2,095;1,919,446;CO;170;Americas;Latin America and the Caribbean;Kolumbien;35895.0
Sub-Saharan Africa;Comoros;802,164;4,091;788,527;1,043;0;5;0;8,498;KM;174;Africa;Sub-Saharan Africa;Komoren;65.0
Latin America-Caribbean;Costa Rica;5,034,320;4,423,112;1,268;508,396;2,467;472;2,555;96,052;CR;188;Americas;Latin America and the Caribbean;Costa Rica;2085.0
Europe;Croatia;3,953,958;3,592,480;54,272;263,248;881;463;606;42,007;HR;191;Europe;Southern Europe;Kroatien;425810.0
Latin America-Caribbean;Cuba;11,176,354;6,778,898;8,940;2,414,969;5,588;23,468;1,118;1,943,374;CU;192;Americas;Latin America and the Caribbean;Kuba;9160.0
Asia-Pacific;Cyprus;1,302,248;882,257;317,212;85,559;7,261;3,473;570;5,917;CY;196;Asia;Western Asia;Zypern;3125.0
Europe;Czech Republic;10,550,130;2,786,580;34,513;7,681,911;7,217;1,778;2,723;35,407;CZ;203;Europe;Eastern Europe;Tschechien;64320.0
Sub-Saharan Africa;Democratic Republic of the Congo;95,989,998;92,401,422;1,219,602;1,128,415;147;1,150;103;1,239,159;CG;178;Africa;Sub-Saharan Africa;Demokratische Republik Kongo;10245.0
Europe;Denmark;5,831,530;4,484,810;246,038;969,836;38,283;25,374;6,189;60,999;DK;208;Europe;Northern Europe;Dänemark;19375.0
Sub-Saharan Africa;Djibouti;1,105,189;12,158;1,079,460;12,172;0;442;0;956;DJ;262;Africa;Sub-Saharan Africa;Dschibuti;320.0
Latin America-Caribbean;Dominican Republic;11,008,300;8,546,468;2,732;2,157,747;4,684;701;100;295,869;DO;214;Americas;Latin America and the Caribbean;Dominikanische Republik;6560.0
Latin America-Caribbean;Ecuador;17,546,065;15,532,412;3,182;1,472,360;3,861;1,397;599;532,255;EC;218;Americas;Latin America and the Caribbean;Ecuador;7440.0
Middle East-North Africa;Egypt;109,315,124;5,270,537;104,038,012;5,086;59;187;234;1,009;EG;818;Africa;Northern Africa;Ägypten;52940.0
Latin America-Caribbean;El Salvador;6,234,674;5,430,923;218;740,804;416;119;99;62,094;SV;222;Americas;Latin America and the Caribbean;El Salvador;2500.0
Sub-Saharan Africa;Equatorial Guinea;1,716,469;1,522,171;69,484;85,605;742;857;1,075;36,534;GQ;226;Africa;Sub-Saharan Africa;Äquatorialguinea;180.0
Sub-Saharan Africa;Eritrea;3,291,271;1,536,075;1,700,586;34,925;28;987;9;18,660;ER;232;Africa;Sub-Saharan Africa;Eritrea;84760.0
Europe;Estonia;1,329,670;699,590;7,953;579,774;2,608;835;1,800;37,108;EE;233;Europe;Northern Europe;Estland;7355.0
Sub-Saharan Africa;Eswatini;1,192,730;1,111,963;1,619;73,424;273;1,517;202;3,732;SZ;748;Africa;Sub-Saharan Africa;Eswatini;85.0
Sub-Saharan Africa;Ethiopia;118,917,672;73,227,447;43,095,975;74,119;1,383;2,881;5,680;2,510,187;ET;231;Africa;Sub-Saharan Africa;Äthiopien;23855.0
Asia-Pacific;Federated States of Micronesia;110,917;109,589;2;759;93;10;0;463;FM;583;Oceania;Micronesia;Mikronesien;5.0
Asia-Pacific;Fiji;914,963;636,082;52,888;2,300;587;220,533;189;2,385;FJ;242;Oceania;Melanesia;Fidschi;120.0
Europe;Finland;5,529,612;3,997,079;89,038;1,385,014;17,393;8,149;3,433;29,507;FI;246;Europe;Northern Europe;Finnland;14305.0
Europe;France;65,905,278;30,624,609;5,995,942;28,105,801;469,906;84,205;455,858;168,956;FR;250;Europe;Western Europe;Frankreich;138250.0
Sub-Saharan Africa;Gabon;2,322,539;1,944,962;200,613;133,826;0;0;0;43,138;GA;266;Africa;Sub-Saharan Africa;Gabun;550.0
Sub-Saharan Africa;Gambia;2,515,734;72,789;2,440,330;451;0;1,662;0;502;GM;270;Africa;Sub-Saharan Africa;Gambia;16585.0
Europe;Georgia;3,795,678;3,346,749;397,058;37,513;442;461;1,689;11,766;GE;268;Asia;Western Asia;Georgien;40885.0
Europe;Germany;83,628,709;47,028,504;5,476,628;30,229,853;287,475;130,895;118,424;356,928;DE;276;Europe;Western Europe;Deutschland;
Sub-Saharan Africa;Ghana;31,887,809;22,732,151;6,336,301;340,673;0;0;0;2,478,683;GH;288;Africa;Sub-Saharan Africa;Ghana;50455.0
Europe;Greece;10,699,369;9,573,407;547,831;507,404;2,640;9,160;4,173;54,754;GR;300;Europe;Southern Europe;Griechenland;353730.0
Latin America-Caribbean;Grenada;116,341;101,769;459;6,716;0;235;0;7,162;GD;308;Americas;Latin America and the Caribbean;Grenada;85.0
Latin America-Caribbean;Guatemala;17,357,326;15,960,106;470;1,045,075;950;230;900;349,595;GT;320;Americas;Latin America and the Caribbean;Guatemala;1325.0
Sub-Saharan Africa;Guinea;13,371,183;1,565,508;11,607,242;176,449;11,494;0;0;10,490;GN;324;Africa;Sub-Saharan Africa;Guinea;26200.0
Sub-Saharan Africa;Guinea-Bissau;2,013,255;437,234;1,127,001;233,987;0;0;0;215,033;GW;624;Africa;Sub-Saharan Africa;Guinea-Bissau;1620.0
Latin America-Caribbean;Guyana;807,482;531,933;52,526;23,484;253;188,943;304;10,039;GY;328;Americas;Latin America and the Caribbean;Guyana;80.0
Latin America-Caribbean;Haiti;11,243,848;9,975,391;209;1,060,822;358;0;239;206,829;HT;332;Americas;Latin America and the Caribbean;Haiti;645.0
Latin America-Caribbean;Honduras;10,119,641;8,953,090;280;986,048;550;130;600;178,943;HN;340;Americas;Latin America and the Caribbean;Honduras;2645.0
Asia-Pacific;Hong Kong;7,490,236;1,404,128;20,076;5,344,641;630,077;22,725;2,422;66,165;HK;344;Asia;Eastern Asia;Hongkong;1515.0
Europe;Hungary;9,749,457;7,055,569;13,574;2,630,004;18,741;5,618;12,963;12,988;HU;348;Europe;Eastern Europe;Ungarn;216140.0
Europe;Iceland;366,614;274,663;4,446;72,756;4,912;588;570;8,679;IS;352;Europe;Northern Europe;Island;1520.0
Asia-Pacific;India;1,402,617,696;31,062,655;213,057,854;45,725;9,547,094;1,113,204,194;4,227;35,695,954;IN;356;Asia;Southern Asia;Indien;277455.0
Asia-Pacific;Indonesia;274,814,866;28,202,346;238,990,485;252,844;1,861,947;4,353,883;2,910;1,150,448;ID;360;Asia;South-eastern Asia;Indonesien;29780.0
Asia-Pacific;Iran;87,723,443;125,102;87,524,408;44;16;192;8,108;65,573;IR;364;Asia;Southern Asia;Iran;161610.0
Middle East-North Africa;Iraq;42,116,605;157,929;41,905,332;336;0;208;0;52,799;IQ;368;Asia;Western Asia;Irak;268785.0
Europe;Ireland;4,982,607;4,046,675;84,266;777,348;9,656;34,625;2,720;27,317;IE;372;Europe;Northern Europe;Irland;20025.0
Middle East-North Africa;Israel;8,800,376;165,383;1,296,427;384,987;3,770;14,620;6,780,636;154,552;IL;376;Asia;Western Asia;Israel;14605.0
Europe;Italy;59,912,769;48,212,882;2,647,802;7,951,880;367,605;255,140;42,550;434,909;IT;380;Europe;Southern Europe;Italien;636730.0
Sub-Saharan Africa;Ivory Coast;28,915,450;12,987,365;13,393,844;1,608,958;0;0;0;925,283;CI;384;Africa;Sub-Saharan Africa;Elfenbeinküste;9965.0
Latin America-Caribbean;Jamaica;2,830,739;1,942,236;452;672,120;35;1,044;502;214,350;JM;388;Americas;Latin America and the Caribbean;Jamaika;1375.0
Asia-Pacific;Japan;126,304,543;2,841,385;214,685;72,569,749;46,992,375;40,086;1,738;3,644,524;JP;392;Asia;Eastern Asia;Japan;38795.0
Middle East-North Africa;Jordan;10,865,228;305,222;10,548,712;5,150;2,048;3,032;0;1,064;JO;400;Asia;Western Asia;Jordanien;17995.0
Asia-Pacific;Kazakhstan;19,482,117;3,758,462;15,177,451;493,764;17,746;0;8,195;26,499;KZ;398;Asia;Central Asia;Kasachstan;48125.0
Sub-Saharan Africa;Kenya;52,217,334;44,734,739;5,707,957;837,272;502;66,790;301;869,771;KE;404;Africa;Sub-Saharan Africa;Kenia;15080.0
Asia-Pacific;Kiribati;126,099;123,035;108;127;0;0;0;2,830;KI;296;Oceania;Micronesia;Kiribati;35.0
Europe;Kosovo;1,751,417;98,050;1,650,893;2,435;0;0;39;0;XK;383;Europe;Southern Europe;Kosovo;313615.0
Middle East-North Africa;Kuwait;4,400,144;463,351;3,530,671;10,924;5,344;374,197;476;15,180;KW;414;Asia;Western Asia;Kuwait;2485.0
Asia-Pacific;Kyrgyzstan;6,664,140;383,412;6,112,180;77,955;2,178;622;311;87,481;KG;417;Asia;Central Asia;Kirgisistan;12290.0
Asia-Pacific;Laos;7,346,533;113,096;1,627;3,881;4,713,753;0;0;2,514,175;LA;418;Asia;South-eastern Asia;Laos;925.0
Europe;Latvia;1,901,124;1,468,952;12,745;322,693;1,313;822;4,309;90,289;LV;428;Europe;Northern Europe;Lettland;40815.0
Middle East-North Africa;Lebanon;5,702,398;1,591,319;3,865,288;1,072;379;988;322;243,029;LB;422;Asia;Western Asia;Libanon;48045.0
Sub-Saharan Africa;Lesotho;2,235,727;2,175,887;4,884;37,223;1;992;99;16,641;LS;426;Africa;Sub-Saharan Africa;Lesotho;55.0
Sub-Saharan Africa;Liberia;5,149,464;4,385,745;655,193;54,919;0;304;0;53,303;LR;430;Africa;Sub-Saharan Africa;Liberia;1825.0
Middle East-North Africa;Libya;7,045,399;36,961;6,974,559;3,480;18,177;6,341;134;5,746;LY;434;Africa;Northern Africa;Libyen;16060.0
Europe;Lithuania;2,795,765;2,576,310;2,494;197,942;714;515;1,036;16,753;LT;440;Europe;Northern Europe;Litauen;56265.0
Europe;Luxembourg;630,597;415,487;11,533;159,455;3,024;2,271;3,066;35,762;LU;442;Europe;Western Europe;Luxemburg;25375.0
Asia-Pacific;Macao;683,067;69,111;3,252;461,848;133,571;0;0;15,284;MO;446;Asia;Eastern Asia;Macau;45.0
Sub-Saharan Africa;Madagascar;28,953,557;21,485,099;335,713;6,455,437;7,950;18,434;103;650,821;MG;450;Africa;Sub-Saharan Africa;Madagaskar;6880.0
Sub-Saharan Africa;Malawi;19,533,888;17,065,264;2,256,536;183,881;302;13,508;302;14,094;MW;454;Africa;Sub-Saharan Africa;Malawi;385.0
Asia-Pacific;Malaysia;33,889,559;3,101,974;21,729,035;286,258;6,396,860;2,074,780;0;300,653;MY;458;Asia;South-eastern Asia;Malaysia;7505.0
Asia-Pacific;Maldives;502,119;8,265;472,355;342;6,643;12,759;0;1,755;MV;462;Asia;Southern Asia;Malediven;115.0
Sub-Saharan Africa;Mali;21,713,836;558,426;20,440,039;548,341;0;0;0;167,029;ML;466;Africa;Sub-Saharan Africa;Mali;3435.0
Europe;Malta;518,207;459,129;18,878;27,180;3,145;7,334;1,487;1,053;MT;470;Europe;Southern Europe;Malta;935.0
Sub-Saharan Africa;Mauritania;4,600,131;10,754;4,562,658;4,899;0;0;102;21,717;MR;478;Africa;Sub-Saharan Africa;Mauretanien;925.0
Sub-Saharan Africa;Mauritius;1,283,223;421,625;224,716;9,667;5,070;619,660;43;2,443;MU;480;Africa;Sub-Saharan Africa;Mauritius;1885.0
Latin America-Caribbean;Mexico;126,799,055;113,070,626;7,971;13,484,255;23,158;4,967;59,338;148,740;MX;484;Americas;Latin America and the Caribbean;Mexiko;23940.0
Europe;Moldova;3,069,131;3,054,839;5,562;7,177;109;0;602;840;MD;498;Europe;Eastern Europe;Moldau;41410.0
Asia-Pacific;Mongolia;3,290,786;44,178;116,036;1,343,558;1,682,746;100;0;104,168;MN;496;Asia;Eastern Asia;Mongolei;8615.0
Europe;Montenegro;607,935;462,311;129,533;6,951;0;0;0;9,139;ME;499;Europe;Southern Europe;Montenegro;28390.0
Middle East-North Africa;Morocco;36,584,208;31,271;36,465,499;47,848;0;0;2,261;37,329;MA;504;Africa;Northern Africa;Marokko;102925.0
Sub-Saharan Africa;Mozambique;30,783,688;18,882,699;5,980,424;4,398,231;494;9,873;0;1,511,968;MZ;508;Africa;Sub-Saharan Africa;Mosambik;2250.0
Asia-Pacific;Myanmar;53,016,522;3,252,951;1,773,591;31,093;47,211,798;232,962;99;514,027;MM;104;Asia;South-eastern Asia;Myanmar;3365.0
Sub-Saharan Africa;Namibia;2,728,762;2,470,508;3,247;153,666;767;1,425;110;99,038;;516;Africa;Sub-Saharan Africa;Namibia;1590.0
Asia-Pacific;Nepal;28,966,575;509,335;1,472,644;375;2,377,791;23,516,227;0;1,090,203;NP;524;Asia;Southern Asia;Nepal;11265.0
Europe;Netherlands;17,636,731;6,191,032;970,139;9,544,336;52,697;99,261;30,870;748,396;NL;528;Europe;Western Europe;Niederlande;148560.0
Asia-Pacific;New Zealand;5,069,895;2,044,350;68,921;2,603,635;60,459;141,383;5,617;145,530;NZ;554;Oceania;Australia and New Zealand;Neuseeland;3475.0
Latin America-Caribbean;Nicaragua;6,565,267;5,567,748;301;873,454;282;0;97;123,385;NI;558;Americas;Latin America and the Caribbean;Nicaragua;1665.0
Sub-Saharan Africa;Niger;23,717,614;131,926;23,274,875;290,355;0;0;0;20,457;NE;562;Africa;Sub-Saharan Africa;Niger;1380.0
Sub-Saharan Africa;Nigeria;213,996,181;92,770,287;119,980,188;811,712;1,027;308;103;432,557;NG;566;Africa;Sub-Saharan Africa;Nigeria;84530.0
Asia-Pacific;North Korea;26,136,312;100,372;2,614;19,044,889;396,455;414;0;6,591,569;KP;408;Asia;Eastern Asia;Nordkorea;400.0
Europe;North Macedonia;1,872,016;1,210,919;650,100;9,653;213;0;89;1,042;MK;807;Europe;Southern Europe;Nordmazedonien;158995.0
Europe;Norway;5,379,274;3,842,008;221,290;1,207,730;36,996;12,399;5,178;53,674;NO;578;Europe;Northern Europe;Norwegen;7095.0
Middle East-North Africa;Oman;4,522,497;365,012;3,698,828;6,344;5,069;431,058;320;15,867;OM;512;Asia;Western Asia;Oman;490.0
Asia-Pacific;Pakistan;235,001,746;2,988,865;226,880,801;29,925;24,673;5,028,337;214;48,931;PK;586;Asia;Southern Asia;Pakistan;96920.0
Middle East-North Africa;Palestinian territories;5,069,692;50,926;5,017,262;0;0;0;0;1,504;PS;275;Asia;Western Asia;Palästinensische Gebiete;7460.0
Latin America-Caribbean;Panama;4,293,261;3,913,647;2,280;266,631;7,358;3,999;9,997;89,349;PA;591;Americas;Latin America and the Caribbean;Panama;755.0
Asia-Pacific;Papua New Guinea;9,815,746;9,726,407;7,339;30,479;272;221;101;50,926;PG;598;Oceania;Melanesia;Papua-Neuguinea;50.0
Latin America-Caribbean;Paraguay;6,603,740;6,176,329;748;280,506;1,497;0;1,098;143,562;PY;600;Americas;Latin America and the Caribbean;Paraguay;1855.0
Latin America-Caribbean;Peru;32,838,580;31,029,831;7,089;1,676,968;10,491;3,116;1,873;109,211;PE;604;Americas;Latin America and the Caribbean;Peru;13815.0
Asia-Pacific;Philippines;112,081,264;102,510,876;7,243,082;46,105;40,753;1,489;507;2,238,451;PH;608;Asia;South-eastern Asia;Philippinen;45265.0
Europe;Poland;38,171,012;34,807,541;2,792;3,300,106;4,089;1,987;4,470;50,027;PL;616;Europe;Eastern Europe;Polen;864980.0
Europe;Portugal;10,370,519;8,822,654;42,398;1,429,155;20,659;22,715;3,390;29,549;PT;620;Europe;Southern Europe;Portugal;140185.0
Middle East-North Africa;Qatar;2,803,375;351,778;2,127,531;7,671;6,124;297,986;305;11,982;QA;634;Asia;Western Asia;Katar;1300.0
Sub-Saharan Africa;Republic of the Congo;5,752,791;5,305,600;84,261;299,098;227;202;111;63,291;CD;180;Africa;Sub-Saharan Africa;Kongo, Republik;1940.0
Europe;Romania;19,392,469;19,109,726;68,998;182,212;5,765;3,870;8,778;13,120;RO;642;Europe;Eastern Europe;Rumänien;909755.0
Europe;Russia;146,371,299;102,351,281;11,992,213;29,564,433;515,871;104,273;123,026;1,720,202;RU;643;Europe;Eastern Europe;Russland;302315.0
Sub-Saharan Africa;Rwanda;13,065,837;12,678,252;236,175;131,695;0;497;0;19,218;RW;646;Africa;Sub-Saharan Africa;Ruanda;4000.0
Asia-Pacific;Samoa;211,944;206,930;54;136;79;79;20;4,647;WS;882;Oceania;Polynesia;Samoa;40.0
Sub-Saharan Africa;Sao Tome and Principe;217,435;183,593;199;21,076;0;0;0;12,566;ST;678;Africa;Sub-Saharan Africa;Sao Tome und Principe;45.0
Middle East-North Africa;Saudi Arabia;30,991,207;1,356,705;28,726,928;34,742;22,774;812,626;851;36,581;SA;682;Asia;Western Asia;Saudi-Arabien;3955.0
Sub-Saharan Africa;Senegal;16,789,220;403,510;16,378,970;3,476;51;0;51;3,161;SN;686;Africa;Sub-Saharan Africa;Senegal;6265.0
Europe;Serbia;6,907,812;6,323,101;305,329;276,925;1,005;244;661;548;RS;688;Europe;Southern Europe;Serbien;262790.0
Sub-Saharan Africa;Seychelles;120,291;113,016;1,074;2,839;912;1,743;0;707;SC;690;Africa;Sub-Saharan Africa;Seychellen;190.0
Sub-Saharan Africa;Sierra Leone;7,912,558;1,569,006;6,341,649;953;0;769;0;182;SL;694;Africa;Sub-Saharan Africa;Sierra Leone;5615.0
Asia-Pacific;Singapore;5,620,151;1,054,279;907,016;1,118,190;1,731,090;297,565;856;511,155;SG;702;Asia;South-eastern Asia;Singapur;2980.0
Europe;Slovakia;5,455,024;4,022,824;2,989;1,381,739;6,695;971;2,067;37,738;SK;703;Europe;Eastern Europe;Slowakei;62685.0
Europe;Slovenia;2,102,420;1,375,307;33,820;678,396;807;223;487;13,380;SI;705;Europe;Southern Europe;Slowenien;26940.0
Asia-Pacific;Solomon Islands;744,498;707,440;2,530;2,438;2,530;54;0;29,505;SB;90;Oceania;Melanesia;Salomonen;10.0
Sub-Saharan Africa;Somalia;16,651,191;4,367;16,623,449;2,684;0;6,660;0;14,030;SO;706;Africa;Sub-Saharan Africa;Somalia;66215.0
Sub-Saharan Africa;South Africa;60,562,381;51,633,743;971,955;1,890,824;21,518;644,994;39,473;5,359,874;ZA;710;Africa;Sub-Saharan Africa;Südafrika;9920.0
Asia-Pacific;South Korea;51,858,482;16,587,217;160,763;25,028,780;9,853,408;47,613;100;180,600;KR;410;Asia;Eastern Asia;Südkorea;41045.0
Europe;Spain;47,679,489;33,116,629;1,704,662;12,568,191;8,455;59,699;12,986;208,868;ES;724;Europe;Southern Europe;Spanien;201810.0
Asia-Pacific;Sri Lanka;22,561,807;1,261,286;2,301,846;15,766;15,703,005;3,279,342;62;499;LK;144;Asia;Southern Asia;Sri Lanka;27875.0
Latin America-Caribbean;St. Lucia;178,251;163,516;169;10,519;0;555;0;3,491;LC;662;Americas;Latin America and the Caribbean;St. Lucia;120.0
Latin America-Caribbean;St. Vincent and the Grenadines;103,526;89,358;111;8,141;0;89;0;5,828;VC;670;Americas;Latin America and the Caribbean;St. Vincent und die Grenadinen;50.0
Middle East-North Africa;Sudan;46,789,231;228,321;46,253,736;263,523;0;579;0;43,071;SD;729;Africa;Northern Africa;Sudan;12035.0
Latin America-Caribbean;Suriname;612,317;323,222;80,153;49,654;2,350;137,488;202;19,247;SR;740;Americas;Latin America and the Caribbean;Suriname;50.0
Europe;Sweden;10,353,687;6,292,071;838,566;2,992,876;86,937;46,800;16,396;80,041;SE;752;Europe;Northern Europe;Schweden;27830.0
Europe;Switzerland;8,640,582;5,320,913;525,613;2,658,287;53,493;46,609;19,529;16,137;CH;756;Europe;Western Europe;Schweiz;40640.0
Middle East-North Africa;Syria;21,049,429;808,455;19,821,403;416,788;0;2,105;118;559;SY;760;Asia;Western Asia;Syrien;975060.0
Asia-Pacific;Taiwan;23,663,459;1,310,788;117,797;5,464,327;4,540,722;0;0;12,229,824;TW;158;;;Taiwan;10785.0
Asia-Pacific;Tajikistan;9,749,311;97,515;9,643,445;7,268;409;358;0;317;TJ;762;Asia;Central Asia;Tadschikistan;12150.0
Sub-Saharan Africa;Tanzania;60,972,798;39,444,311;18,211,243;2,120,731;109;3,953;109;1,192,342;TZ;834;Africa;Sub-Saharan Africa;Tansania;3420.0
Asia-Pacific;Thailand;71,641,484;740,494;3,234,319;9,048;67,624,158;28,923;200;4,341;TH;764;Asia;South-eastern Asia;Thailand;59705.0
Asia-Pacific;Timor-Leste;1,326,054;1,319,892;3,404;847;402;171;0;1,338;TL;626;Asia;South-eastern Asia;Timor-Leste;20.0
Sub-Saharan Africa;Togo;8,669,721;4,931,705;1,399,132;694,686;133;103;26;1,643,936;TG;768;Africa;Sub-Saharan Africa;Togo;12130.0
Asia-Pacific;Tonga;105,704;103,340;64;614;62;83;0;1,540;TO;776;Oceania;Polynesia;Tonga;30.0
Latin America-Caribbean;Trinidad and Tobago;1,481,024;1,036,976;80,927;36,264;435;305,346;293;20,783;TT;780;Americas;Latin America and the Caribbean;Trinidad und Tobago;505.0
Middle East-North Africa;Tunisia;11,974,057;29,537;11,890,693;52,843;0;0;985;0;TN;788;Africa;Northern Africa;Tunesien;58260.0
Asia-Pacific;Turkey;86,091,692;117,069;83,600,950;2,177,260;45,547;37,144;25,210;88,512;TR;792;Asia;Western Asia;Türkei;1544480.0
Asia-Pacific;Turkmenistan;6,949,912;390,253;6,552,928;4,996;467;111;222;934;TM;795;Asia;Central Asia;Turkmenistan;3880.0
Sub-Saharan Africa;Uganda;44,457,153;39,008,617;5,073,864;42,181;356;2,372;463;329,299;UG;800;Africa;Sub-Saharan Africa;Uganda;5490.0
Europe;Ukraine;44,680,015;37,276,433;253,705;6,766,595;149,418;5,658;42,764;185,442;UA;804;Europe;Eastern Europe;Ukraine;1334005.0
Middle East-North Africa;United Arab Emirates;9,448,524;1,352,428;6,891,776;31,731;15,792;1,110,535;1,418;44,843;AE;784;Asia;Western Asia;Vereinigte Arabische Emirate;2355.0
Europe;United Kingdom;67,351,862;33,251,891;4,289,719;27,087,678;307,872;1,141,913;296,871;975,918;GB;826;Europe;Northern Europe;Vereinigtes Königreich;80345.0
North America;United States;339,436,159;217,273,083;4,047,372;100,914,371;4,384,653;3,035,529;5,733,777;4,047,372;US;840;Americas;Northern America;USA;120385.0
Latin America-Caribbean;Uruguay;3,398,968;1,512,245;3,035;1,781,393;0;0;16,256;86,039;UY;858;Americas;Latin America and the Caribbean;Uruguay;975.0
Asia-Pacific;Uzbekistan;33,586,372;932,125;32,116,038;185,391;4,959;9,236;2,805;335,818;UZ;860;Asia;Central Asia;Usbekistan;14230.0
Asia-Pacific;Vanuatu;298,859;249,558;58;4,084;48;58;38;45,015;VU;548;Oceania;Melanesia;Vanuatu;10.0
Latin America-Caribbean;Venezuela;28,444,078;25,063,617;13,957;2,766,969;6,070;0;4,992;588,472;VE;862;Americas;Latin America and the Caribbean;Venezuela;17090.0
Asia-Pacific;Vietnam;98,079,191;8,170,016;70,694;66,373,765;22,578,634;40,495;125;845,463;VN;704;Asia;South-eastern Asia;Vietnam;137560.0
Middle East-North Africa;Yemen;36,134,864;20,138;36,085,366;22,243;197;2,798;73;4,047;YE;887;Asia;Western Asia;Jemen;12980.0
Sub-Saharan Africa;Zambia;19,059,395;18,731,646;97,449;11,389;363;3,061;191;215,296;ZM;894;Africa;Sub-Saharan Africa;Sambia;830.0
Sub-Saharan Africa;Zimbabwe;15,526,889;13,539,476;82,154;1,636,517;5,777;5,918;198;256,850;ZW;716;Africa;Sub-Saharan Africa;Simbabwe;4630.0
