uuid,name,age,gender,education,occupation,marriage_status,migration_status,origin,religion,sexuality,appearance,biography
37bafb46-ae9a-4c08-a692-1916cc6df314,Ahmad Salim Aziz Khan,33,male,Fachhochschul- oder Hochschulreife,Friseur/in,single,with_migration,Afghanistan,Muslims,heterosexual,"Der Mann ist 33 Jahre alt, hat dunkelbraune Haare mit Wellen, die bis zu den Schultern reichen. Sein Gesicht ist rundlich mit tiefen Augen und langen schwarzen Aug","Geboren ist Ahmad im Jahr 1988 in Kabul, Afghanistan. Nach seiner Schulzeit erwarb er seine Fachhochschulreife und zog im Jahr 2010 nach Deutschland, um seinen Traum als Friseur zu verfolgen. Er arbeitet jetzt erfolgreich in einem renommierten Salon in Berlin und ist bekannt für seine exquisiten Haarfrisuren. Ahmad blieb bisher unver"
2089c0c0-7308-44ef-996c-d11ef6041751,Ahmad Ali Emir Divorced Educated Migrant Syrian,33,male,Fachhochschul- oder Hochschulreife,Erzieher/in,divorced,with_migration,Syrien,Muslims,heterosexual,"Der 33-jährige Mann hat dunkelbraunes Haar, das kurz geschnitten ist. Seine Augen sind braun und tragen Rimless-Brille, die seine charakteristisch tief","Ahmad, geboren im Jahr 1988 in Aleppo (Syrien), ist ein muslimischer Mann syrischer Abstammung. Er hat seine Schulbildung in seiner Heimatstadt beendet und ist anschließend nach Deutschland gezogen, um dort als Asylant zu leben. Er besitzt die Fachhochschul- oder Hochschulreife. Nach seinem Studium arbeitete er zunächst in verschiedenen Bere"
e4fee8e4-37ab-44c7-8f9e-33e34781b5e2,Svetlana Petrovic,81,female,Haupt- (Volks-)schulabschluss,Rentner/in,married,with_migration,Bosnien und Herzegowina,Christians,heterosexual,"Eine 81-jährige Frau mit bosnisch-herzegowinischer Herkunft, die als Rentnerin lebt und verheiratet ist. Ihr kürzeres Haar ist gra","Frau Maria Novakovic, geboren im Jahr 1940 in Bosnien und Herzegowina, wuchs in einer traditionellen katholischen Familie auf. Sie absolvierte ihre schulische Ausbildung bis zum Hauptschulabschluss. In jungen Jahren emigrierte sie nach Deutschland, wo sie ihren Ehemann kennenlernte und heiratete. Ihr Leben als Rentnerin ist geprägt von der"
10be2860-2788-4164-b1f9-2a1ae1957907,Aysel Kaya-Senel,21,female,Realschule oder gleichwertiger Abschluss,Erzieher/in,single,with_migration,Türkei,Muslims,heterosexual,"Eine 21-jährige Frau mit dunkelbraunen Augen und schwarzem Haar, die kurz geschnitten ist. Sie trägt traditionelle türkische Kleidung wie einen Langrock","Geboren ist sie im Jahr 2000 in Türkiye als Tochter eines Lehrers und einer Hausfrau. Mit 18 Jahren hat sie ihr Realschulstudium abgeschlossen und zog anschließend nach Deutschland, um dort ihre Karriere als Erzieherin zu starten. In ihrer Freizeit engagiert sie sich aktiv in der muslimischen Gemeinde und pflegt ihr türkisches Kultur"
5358a30d-aa6e-485e-9082-5652d7a3cd3c,Ahmet Ali Yilmaz,5,male,Unknown,Unemployed,single,with_migration,Türkei,Muslims,heterosexual,"Ein junger Mann mit dunkelbraunen Haaren, wahrscheinlich kürzer geschnitten, weil er noch sehr klein ist. Seine Augen sind dunkelbraun wie seine Haare","In the heart of Istanbul, a city where East meets West, a young boy named Ahmet was born to Turkish parents who had migrated from Germany. At the tender age of five, he found himself navigating life without a fixed occupation due to unforeseen circumstances. His education was yet to be defined as he was still exploring the vast world of knowledge at a local kindergarten. Despite his early challenges, Ahmet's Muslim faith and heritage were strong pillars of support"
cd03c8e7-bbd9-4215-8394-be9f7dbaf7d6,Ahmad Schmidt,19,male,Fachhochschul- oder Hochschulreife,Schüler/in,single,with_migration,Iran,Muslims,heterosexual,"Der 19-jährige Mann hat dunkelbraune Augen und dunkelbraunes Haar, das meistens kurz getragen wird. Er trägt traditionelle iranische Kleidung wie","In der jungen Alter von 19 Jahren lebt Ali als Schüler in Deutschland. Er stammt aus Iran und hat eine muslimische Herkunft. Er hat eine Fachhochschul- oder Hochschulreife und ist noch unverheiratet. Aufgrund seiner Migrationshintergrund ist seine Sprache persisch, aber er spricht fließend Deutsch. Als Hobby interessiert ihn das Lesen von B"
8c3be5c5-e5fd-41d6-857d-125d3d40402a,Mateusz Kowalski-Janowski,18,male,Fachhochschul- oder Hochschulreife,Reinigungskraft,single,with_migration,Polen,Christians,heterosexual,"Der Mann ist 18 Jahre alt, hat polnische Wurzeln und ist von europäischer Abstammung. Mit einem schmalen Gesicht, dunkelbraunem Haar, dunklen Augen","Der jüngste Sohn von vier Kindern, Jan Kowalski, wurde im Jahr 2000 in Warschau, Polen, geboren. Nach dem Abschluss seiner schulischen Ausbildung an einem Gymnasium in Polen, erlangte er seine Fachhochschul- oder Hochschulreife und entschied sich, nach Deutschland zu emigrieren. Im Jahr 2018 begann er eine Tätigkeit"
da8ced65-f19b-45e6-80fb-03f9d7ae8632,SalvatoreMarconiBianchiDiRosso,48,male,Fachhochschul- oder Hochschulreife,Sozialarbeiter/in,married,with_migration,Italien,Christians,heterosexual,"Ein mittleralterlicher Mann mit dunkelbraunen Haaren und einem schmalen Bart, die durch seine italienischen Wurzeln etwas heller sind als das übliche Mittelmeerhaar. Sein Ges","Der 48-jährige Italiener, Marco Rossi, wuchs in einem kleinen Dorf im Süden Italiens auf, um dann nach Deutschland zu emigrieren, wo er seinen Bachelor in Sozialarbeit erlangte. Er ist seit über 20 Jahren verheiratet mit seiner deutschen Frau und hat zwei erwachsene Kinder. Seit seiner Ankunft in Deutschland arbeitet Marco als Sozialarbeiter, um"
9de88a1d-3024-4dde-b894-db9051b2d76b,Hans-Peter RetireDivorcedEducatedGerman,81,male,Realschule oder gleichwertiger Abschluss,Rentner/in,divorced,without_migration,Deutschland,Christians,heterosexual,"Der Mann ist hochbeinig gebaut, hat weißes Haar, das teilweise grau gefärbt ist, und trägt einen Bart. Seine Augen sind dunkelbraun. Er trägt Br","Herr Johann Müller, geboren am 24. März 1940 in Köln, ist ein 81-jähriger deutscher Rentner. Er verbrachte seine gesamte Schulzeit an einer Realschule und hat keinen akademischen Grad erreicht. In den 60er Jahren heiratete er seine Jugendliebe und hatte mit ihr zwei Kinder, die beide heute erwachsen sind. Nach einem l"
ad458017-c7e9-443d-9f77-8e598ba12153,Johann Martin Lehrer,23,male,Realschule oder gleichwertiger Abschluss,Lehrer/in,single,without_migration,Deutschland,Religiously_unaffiliated,heterosexual,"Ein jüngerer Mann mit einer durchschnittlichen Körpergröße, wahrscheinlich mit dunkelblondem Haaransatz, kurz geschnitten und gelegentlich mit einem Lehr","Der 23-jährige Mann ist geboren und aufgewachsen ist in Deutschland. Er hat seine Schulausbildung an einer Realschule abgeschlossen und arbeitet nun als Lehrer. Aktuell ist er single, ohne religiöse Anschauungen und identifiziert sich als heterosexuell. Er hat bisher noch keine Erfahrungen mit Migration gemacht."
b648397f-0592-4100-b1e0-3a7177ee8ab4,Elisabeth Schmidt-Kinderhilfe,58,female,Abschluss der polytechnischen Oberschule,Erzieher/in,married,without_migration,Deutschland,Christians,heterosexual,"Die Frau ist mittelalterlich, hat eine gesunde, körperlich anspruchslose Gestalt und weist einen lebhaften Augenfarben von braunen Augen auf. Ihre Haarfarbe","Frau Maria Schmidt, geboren im Jahr 1962 in Deutschland, hat ihre Schulausbildung an einer Polytechnischen Oberschule abgeschlossen. Sie ist verheiratet und arbeitet seit über 30 Jahren als Erzieherin in einem Kindergarten in ihrer Heimatstadt. Als Kind der Christlichen Kirche, lebt sie heute noch mit ihren religiösen Wurzeln verbunden. Sie ist heterosexuell"
c0c12c7b-fe97-4345-ac52-7f5374254f95,Ahmad Mustafa Albrecht,51,male,Fachhochschul- oder Hochschulreife,Buchhalter/in,single,without_migration,Deutschland,Muslims,heterosexual,"Der Mann ist etwa 51 Jahre alt, hat dunkelbraune Haare im mittellangen Stil, die teilweise zurückgezogen sind, wodurch seine braunen Augen hervorgehoben werden","Geboren ist Mohammad Ahmed am 16. November 1970 in Hamburg, Deutschland, als Sohn eines deutschen Mütters und türkisch-deutschen Vaters. Er wuchs im Hamburger Stadtteil Altona auf und schloss seine Schulausbildung an der Albert-Schweitzer-Oberschule ab. Nach seinem Abitur 1989 studierte er Wirtschaftswissenschaften an der Fach"
629d4264-24d3-40cd-8e03-1a4abe81b684,Dr. Anna Maria Schmidt-Jansen,54,female,Realschule oder gleichwertiger Abschluss,Wissenschaftler/in,married,without_migration,Deutschland,Christians,heterosexual,"Die Frau ist im mittleren Alter (54 Jahre) und hat einen würdigen, intellektuellen Ausdruck auf ihrem Gesicht. Ihre Augen sind tiefgrün und glänzen mit","Die Frau, jetzt 54 Jahre alt, wurde als Tochter eines Arbeiterpaars im ländlichen Deutschland geboren. Nach der Realschulbildung begann sie ihre berufliche Laufbahn bei einem regionalen Unternehmen, wo sie aufgrund ihrer lebhaften Intelligenz und ihrer präzisen Arbeit rasch aufstieg. Heute arbeitet sie als Wissenschaftlerin an einer führenden Forschungsst"
cfa34f11-5dab-432c-927b-1c6dfb3335da,Ahmed Al-Rassas,0,male,Unknown,Unemployed,single,with_migration,Jordanien,Muslims,heterosexual,"Ein junger Mann mit dunklem Mittellängenhaar, braunen Augen und einer mittelorientalischen Erscheinung weist ein traditionelles Gewand auf, das anzeigt, dass er aus","Geboren ist Ahmad am 1. Januar im Jahr X im konservativen Dorf Al-Karak in Jordanien. Er wuchs in einer großen muslimischen Familie auf, seine Eltern waren Landarbeiter und erwarben über Jahre hinweg das Land, das sie bewirtschafteten. Nach seiner Schulzeit in Jordanien zog es Ahmad nach Europa, um dort eine Ausbildung als Ingenieur zu absolvieren. Aufgrund"
d2effa72-ed51-4009-a443-8dc0dc694c91,Elise Kramer,87,female,Haupt- (Volks-)schulabschluss,Rentner/in,widowed,without_migration,Deutschland,Religiously_unaffiliated,heterosexual,"Die Frau ist 87 Jahre alt, hat mittellange graue Haare, welche meistens gebunden sind, und trägt häufig Brille. Ihr Gesicht ist durch Liniengesicht und d","Diese Frau ist eine 87-jährige deutsche Rentnerin, die ihren gesamten Leben in Deutschland verbracht hat ohne jemals zu migrieren. Sie besaß einen Hauptschulabschluss und arbeitete ihr ganzes Leben, bevor sie als Witwe pensioniert wurde. Obwohl sie religiös ungebunden ist, hielt sie stets an den traditionellen Werte ihres Landes fest und bet"
765cb220-2436-4d63-951a-756edf933d5e,Johann Christian Einziger,1,male,Unknown,Unemployed,single,without_migration,Deutschland,Christians,heterosexual,"Ein junger Mann mit deutschen Wurzeln, aufgrund seines Untersuchungszeitraums ohne formale Bildung belegbar. Er hat kurze braune Haare, dunkelbraune Augen und eine","Geboren ist Johannes Müller am 1. Januar in einem kleinen Ort im westdeutschen Landkreis XYZ. Seine Eltern arbeiteten beide als Arbeitskräfte in der lokalen Industrie. Als Einjähriger lebt er bei seinen Eltern in einem traditionellen deutschen Haus. Da keine genaueren Informationen zur Ausbildung vorliegen, ist seine Bildungsprüfung unbekannt. Aktuell"
ea97e944-2d34-4478-b94f-0fe72327aa5f,Fatima Al-Kadhim,54,female,Realschule oder gleichwertiger Abschluss,Sozialarbeiter/in,single,with_migration,Irak,Muslims,heterosexual,"Eine 54-jährige Frau von irakischer Herkunft, mit dunkelbraunen Haaren, die in einem traditionellen Muslim-Kopftuch verhüllt ist. Ihre Augen sind","Geboren ist sie im Jahr 1967 als Tochter irakischer Eltern in Bagdad. Nach einem Realschulabschluss begann sie ihre berufliche Laufbahn als Sozialarbeiterin in ihrer Heimatstadt. In den 1990er Jahren emigrierte sie nach Deutschland aufgrund der politischen Instabilität in Irak. Sie engagiert sich seitdem in verschiedenen sozialen Projekten,"
65d97cd2-d614-4c3d-9863-1e5882c37eeb,Ahmet-Felix Schmidt,44,male,Realschule oder gleichwertiger Abschluss,Polizist/in,single,without_migration,Deutschland,Muslims,heterosexual,"Der Mann ist 44 Jahre alt, hat eine athletisch-robuste Statur mit einem Höhenwuchs von etwa 175 cm. Er trägt kurze dunkelbraune Haare, die of","Der 44-jährige Mann, Herrn Muhammad, stammt ursprünglich aus Deutschland und praktiziert den Islam. Er hat eine Realschulbildung erreicht und arbeitet als Polizist in seinem Heimatort. Aktuell ist er unverheiratet. Während seiner Karriere als Polizist hat er viele kulturellen und sozialen Herausforderungen bewältigt und dabei seine"
bb83bded-fb9a-4f23-9e79-01cbd6ed7c06,Fatima Zahra Al-Hussein,68,female,Realschule oder gleichwertiger Abschluss,Rentner/in,married,with_migration,Syrien,Muslims,heterosexual,"Eine 68-jährige Frau, mit einem schwarzen Haarkleid, das unter einem schlichten Kopftuch verborgen ist. Ihre Augen sind dunkelbraun, und ihre Haut",Eine 68-jährige Frau namens Fatima wuchs in Syrien auf und erhielt dort eine Realschulbildung oder einen gleichwertigen Abschluss. Sie ist muslimisch geprägt und heiratete früh in ihrem Leben. Im Laufe ihrer beruflichen Laufbahn war sie nicht im Arbeitsmarkt aktiv und ging in den Ruhestand. Später zog sie nach Deutschland und lebt seitdem mit
30db49f4-552b-4f73-9fff-6d319218de59,Olga Schmidt-Novak,9,female,Unknown,Schüler/in,single,with_migration,Ukraine,Christians,heterosexual,"Eine neunjährige Mädchenschülerin mit dunkelblonden Pferdeschweifhaaren, blauen Augen und roten Lippen. Ihre Kleidung ist geprägt von tradition","Diese Biografie handelt von Anna, einer neunjährigen Mädchen aus der Ukraine. Sie lebt zurzeit in Deutschland, da ihre Eltern im Jahr 2014 als Flüchtlinge hierher kamen. Anna ist sehr interessiert an Lernen und freut sich jeden Tag auf den Besuch ihrer Schule. In ihren Freizeit-Stunden liebt sie es, zu tanzen und mit ihrem Vater Fußball zu"
9b43c89a-2fc1-4f7b-af60-59a0a59ff2e8,Anna Nowak-Smith,37,female,Fachhochschul- oder Hochschulreife,Anwalt/Anwältin,married,with_migration,Polen,Christians,heterosexual,"Eine 37-jährige Frau mit polnischen Wurzeln, die als Anwältin arbeitet und verheiratet ist. Sie hat eine Fachhochschul- bzw. Hochschulre","Diese Frau ist eine 37-jährige Polnische Anwältin, geboren und aufgewachsen in einem ländlichen Gebiet Polens. Sie hat eine Fachhochschul- bzw. Hochschulreife erworben und studierte Rechtswissenschaft an einer Universitätsfakultät. Nach ihrem Studium zog sie nach Deutschland, um hier als Anwältin zu arbeiten. Heute lebt sie"
c0ebc49f-feb6-42db-be3f-05e525225a75,Dr. Elena Petrova-Smith,62,female,Realschule oder gleichwertiger Abschluss,Arzt/Ärztin,widowed,with_migration,Bulgarien,Religiously_unaffiliated,heterosexual,"Eine 62-jährige Frau, die als Ärztin arbeitet und durch ihre berufliche Tätigkeit einen professionellen Anspruch aufweist. Ihr Gesicht ist von leichten Falten um","Dr. Maria Petrova, geboren im Jahr 1959 in Bulgarien, wuchs in ihrer Heimatstadt Sofia auf. Sie absolvierte eine Realschulbildung und entschied sich später für den medizinischen Beruf. Im Alter von 30 Jahren emigrierte sie nach Deutschland, um dort ihre Ausbildung als Ärztin fortzusetzen. In ihren rund vierzigjährigen Karrierej"
a400a819-8895-4aa2-b2cd-1bcf49b95e0c,Emma Schneider,13,female,Unknown,Schüler/in,single,without_migration,Deutschland,Religiously_unaffiliated,heterosexual,"Die 13-jährige Mädchen aus Deutschland hat eine athletische Gestalt, wie sie typisch für eine Schülerin ist. Ihr dunkelblauer Haarkleid wird oftmals in einen lock","In der Mitte des 21. Jahrhunderts wuchs die junge Frau, geboren und aufgewachsen in Deutschland, als Tochter eines Lehrers und einer Krankenschwester. Ihre Jugend war von Schulbüchern und Sommerferien geprägt. Im Alter von 13 Jahren besuchte sie bereits eine deutsche Grundschule, wo sie sich bereits für Mathematik und Naturwissenschaften interessierte. Ob"
0979904f-cf5e-4ccd-837b-09ceac0c10b4,Fatima Aliyeva,57,female,Realschule oder gleichwertiger Abschluss,Soldat/in,divorced,with_migration,Ukraine,Muslims,heterosexual,"Die Frau ist eine Maturin mit einem Alter von 57 Jahren. Ihr Gesicht zeigt die Spuren der Zeit, mit leichten Falten um die Augen und Mund. Sie hat mittellange dunkel","In der Ukraine geboren, eine Muslimin mit ukrainischer Herkunft, sie zog im jungen Alter nach Deutschland, um dort ihre Ausbildung als Soldatin fortzusetzen. Nach ihrer aktiven Militärzeit heiratete sie einen Mann, mit dem sie eine glückliche Ehe führte, bis sie sich scheiden ließen. Sie hat keine Kinder und besitzt nur den Realschulabschluss oder dessen äqu"
8d572b3f-d006-4cb1-94b8-ac884f976382,Emma Schmidt,1,female,Unknown,Unemployed,single,without_migration,Deutschland,Religiously_unaffiliated,heterosexual,"Eine kleine, zierliche Mädchen-Kind mit blonden Haaren, leuchtend blauen Augen und rosa Lippen. Ihre Kleidung ist unprächtig, wahrschein","In the heart of Germany, a young girl named Sophia was born into a family with deep roots in the region. As her first birthday approached, she found herself in a peaceful town, surrounded by the vibrant culture and history that defined her homeland. Despite an uncertain educational background at such a tender age, her natural curiosity sparked an insatiable thirst for knowledge that would follow her throughout life. At one year old, Sophia was single, without any religious affiliations, and"
99494bdc-806a-4e5f-8026-3293cb77adbc,Johanna Schmidt,11,female,Unknown,Schüler/in,single,without_migration,Deutschland,Christians,heterosexual,"Eine 11-jährige Mädchenschülerin, von deutscher Herkunft, zeigt eine gesunde Entwicklung. Ihr Haarfarbe ist blonde oder braun, Abhängig vom individ","Diese Biografie bezieht sich auf eine 11-jährige Mädchen namens Lisa, die im Herzen Europas, Deutschland, geboren wurde und zurzeit dort lebt. Lisa wuchs in einem christlichen Elternhaus auf und ist heterosexuell. Sie träumt schon seit ihrer Kindheit davon, Lehrerin zu werden und wird bereits in der Schule als intelligente und engagierte Schülerin wahr"
408147eb-d1e3-4203-8244-374b85973d3d,Vandana Kumari Singh,30,female,Fachhochschul- oder Hochschulreife,Mechaniker/in,single,with_migration,Indien,Hindus,heterosexual,"Eine 30-jährige Frau mit dunkelbraunen Haaren, die oft in einem lockigen Ponytail gebunden ist. Sie hat eine tief liegende Nase und dunkelbraune Aug","Eine junge Frau namens Preeti stammt aus Indien und ist durch eine Migration nach Deutschland gelandet. Sie wurde im Alter von 28 Jahren Fachhochschul- bzw. Hochschulreif und studierte Mechanik, was ihr die Möglichkeit gab, im Automobilsektor zu arbeiten. Aktuell ist sie unverheiratet und widmet sich ihrer beruflichen Karriere, während sie auch ihre"
4ccaaa4f-046b-487b-ac0a-aef7d15d013d,Petar Divorced Cook,41,male,Haupt- (Volks-)schulabschluss,Koch/Köchin,divorced,with_migration,Bulgarien,Christians,heterosexual,"Dieser Mann von 41 Jahren hat eine dunkle Haarfarbe, wahrscheinlich entweder Schwarz oder Braun, und trägt eine kurze bis mittellange Haarpferikation.","In der Mitte seines vierundvierzigsten Lebens, nach einer früheren Ehe, lebt der Mann als Koch in Deutschland. Geboren in Bulgarien, ist seine Schulbildung auf Hauptschule beschränkt geblieben. Im Alter von 28 Jahren wanderte er ins Ausland, um eine neue Perspektive zu finden. Er fand Arbeit im Bereich der Gastronomie und entwickelte sich zum"
00a80a13-d5a6-4a67-985e-f6ff61c45687,Ahmed Zeko,54,male,Haupt- (Volks-)schulabschluss,Bauarbeiter/in,single,with_migration,Bosnien und Herzegowina,Christians,heterosexual,"Der Mann hat ein mäßiges Alter von 54 Jahren, seine Haut ist durch Sonne und Arbeit leicht gefärbt und zeigt etwas Tiefenlinien um die Augen. Er trägt eine","Der 54-jährige Mann stammte ursprünglich aus Bosnien und Herzegowina, jedoch wanderte er zu einem frühen Alter nach Deutschland aus. Er besitzt einen Hauptschulabschluss und arbeitet heute als Bauarbeiter. Obwohl er bisher ledig blieb, hat er viele enge Freundschaften aufgebaut. Als Christlicher und heterosexueller Mann lebt"
7d1f8802-c0f8-40ea-80a1-6b52cf79bdee,Mustafa-Hans Schmidt-Meier,58,male,Fachhochschul- oder Hochschulreife,Sekretär/in,married,without_migration,Deutschland,Muslims,heterosexual,Dieser Mann ist im mittleren Alter von 58 Jahren. Mit schwarzem Haar und ein wenig grauen Haaren an den Seiten zeigt er Zeichen seines fortgeschrittenen Alters. Seine,"Der 58-jährige Herr Müller stammt ursprünglich aus Deutschland und hat eine akademische Ausbildung, wobei er entweder eine Fachhochschul- oder Hochschulreife erreichte. Er arbeitet seit mehr als drei Jahrzehnten als Sekretär und ist verheiratet. Als Angehöriger der deutschen Muslim-Gemeinschaft lebt er offenheitssü"
296d4c1d-8078-4a0c-b49a-663d4d265252,Johann Christian Lehrer,28,male,Fachhochschul- oder Hochschulreife,Lehrer/in,single,without_migration,Deutschland,Christians,heterosexual,"Ein junger Mann mit einer mittleren Körpergröße hat dunkelblaue Augen und dunkelbraunes Haar. Er trägt meistens eine schlichte, schwarze Kle","Der 28-jährige Mann, geboren und aufgewachsen in Deutschland, ist als Lehrer tätig. Er hat eine akademische Bildung erlangt, entsprechend seiner Fachhochschul- oder Hochschulreife. Als Single lebt er momentan ohne Ehepartner, wobei seine spirituelle Orientierung im Christentum liegt. In seinem privaten Leben zeigt er eine heterosexuelle Pr"
86c4207c-f8d6-4db1-a4fc-66ae42da9178,Aminatou Diallo-Senghore,50,female,Haupt- (Volks-)schulabschluss,Wissenschaftler/in,married,with_migration,Gambia,Muslims,heterosexual,"Eine Frau von etwa 50 Jahren mit einer warmen Hautfarbe, dunkelbraune Augen und schwarzem Haar, das meistens in einen lockigen Afro-Stil gebunden ist. Sie tr","In Gambia, a West African nation, a woman named Aminat Jammeh was born and raised in a humble yet close-knit Muslim community. After completing her primary education, she demonstrated an extraordinary aptitude for science, which led to her migrating to Germany at the age of 25. There, she pursued a career as a scientist, overcoming numerous challenges as a foreign woman in a predominantly male field. Today, at 50 years old"
ac05f98f-8bf5-4a24-a6f1-7dd79fdba648,Olga Schmidt-Kulchytskyj,34,female,Realschule oder gleichwertiger Abschluss,Koch/Köchin,married,with_migration,Ukraine,Religiously_unaffiliated,heterosexual,"Eine Frau von mittlerem Alter (34) mit dunkelbraunen, welligen Haaren, die meistens in einem traditionellen Kochoutfit gekleidet ist. Ihre Augen sind hellbra","In der Mitte des 1980er-Jahre wurde Anna geboren in einer kleinen Stadt im westlichen Ukraine. Sie wuchs in einer traditionellen, aber offenen Familie auf und erwarb nach ihrer Realschulzeit eine Ausbildung als Köchin. Im Jahr 2004, während der Europäischen Fußballmeisterschaft, zog sie nach Berlin, um neue kulinarische Horizonte zu erkunden und das"
8e8c22a5-990a-47ed-ac16-f850ef288317,Margarete Schmidt-Müller,77,female,Haupt- (Volks-)schulabschluss,Rentner/in,married,without_migration,Deutschland,Christians,heterosexual,"Eine 77-jährige Frau, verheiratet mit einem traditionellen deutschen Aussehen. Ihre Augen sind leicht verschlafft, aber sie haben noch einen warmen Glanz. Sie trägt ihr","Die Frau, die heute im Alter von 77 Jahren lebt, ist deutsche Staatsbürgerin und wurde hier geboren. Sie hat ihre Schulbildung auf der Hauptschule beendet. In jungen Jahren war sie verheiratet und lebt bis heute noch in dieser Ehe. Ihr Beruf lag in der Rentenzeit, was typisch für ihre Generation ist. Als Religion betrachtet sie sich als Christin. Sie le"
d7d1e26a-f280-4e73-9ef7-cf6f243e2962,Fatima Kadir Muslimovic,26,diverse,Fachhochschul- oder Hochschulreife,Informatiker/in,single,with_migration,Aserbaidschan,Muslims,heterosexual,"Eine diverse Person im Alter von 26 Jahren mit einem muslimischen Hintergrund aus Aserbaidschan hat wahrscheinlich dunkelbraune Haare, die teils geschoren oder geflochten sind","In der multikulturellen Stadt Baku in Aserbaidschan wurde im Jahr 1995 eine diverse junge Frau namens Ayla geboren. Nach der Schulausbildung an einem Gymnasium erwarb sie eine Fachhochschul- bzw. Hochschulreife und zog im Alter von 18 Jahren nach Deutschland, um dort an der Technischen Universität ihr Studium der Informatik aufzunehmen."
51b33860-7fc1-49f7-a4d7-3f77a68c798d,Elisabeth Schmidt-Retiree,69,female,Abschluss der polytechnischen Oberschule,Rentner/in,married,without_migration,Deutschland,Religiously_unaffiliated,heterosexual,"Die Frau ist ein älteres Rentnerinnenpaar angehörend, ihr Alter liegt bei 69 Jahren. Ihr Haarfarbe ist silbern weiß, sie trägt es lang und glatt","Frau Anna Müller, geboren im Jahr 1952 in Hamburg, Deutschland, ist seit dem Alter von 60 Jahren als Rentnerin tätig. Sie hat ihre Schulzeit an einer Polytechnischen Oberschule abgeschlossen. Seit 1974 ist sie verheiratet und lebt noch heute mit ihrem Ehemann in ihrer Heimatstadt. Ihre religiöse Anschauung kann als sä"
15f1abf7-5753-4254-aa35-f475961324f2,Abraham Yared Verkaufmann,23,male,Realschule oder gleichwertiger Abschluss,Verkäufer/in,single,with_migration,Eritrea,Christians,heterosexual,"Ein 23-jähriger Mann mit dunkelhäutigen Haut, schwarzen Haaren aufgestellt in einem kurzen Kürzel, dunklen Augen und einer gesunden, athletisch wirks",Der 23-jährige Mann stammt ursprünglich aus Eritrea und ist Mitglied der Christlichen Religionsgemeinschaft. Er hat eine Realschulbildung erlangt und arbeitet zurzeit als Verkäufer. Im Alter von 18 Jahren musste er aufgrund politischer Unruhen seines Heimatlandes flüchten und lebt seitdem in Deutschland. Er ist bisher unverheirat
e7a7a47d-b3ab-4bcd-b715-a3cc966ad0d1,Helene Schmidt-Müller,57,female,Fachhochschul- oder Hochschulreife,Krankenpfleger/in,married,with_migration,Österreich,Christians,heterosexual,"Eine Frau im mittleren Alter von etwa 57 Jahren mit einer erhabenen Statur von ca. 1,65 m. Ihre Augen sind tiefgrün und voller Kompassion, entspreche","Frau Maria Schmidt, geboren im Jahr 1964 in Österreich, ist eine erfahrene Krankenschwester verheiratet lebend. Sie hat ihre Ausbildung an einer Fachhochschule abgeschlossen und besitzt eine allgemeine Hochschulreife. Im Jahr 1988 wanderte sie nach Deutschland aus, um dort ihren Traumberuf zu verfolgen. Sie heirat"
59b9b9d1-0a40-4968-bb50-39e31a78eb95,Mustafa Ahmet Azeri,66,male,Haupt- (Volks-)schulabschluss,Künstler/in,married,with_migration,Aserbaidschan,Muslims,heterosexual,"Ein alternder Mann im mittleren Alter von 66 Jahren mit dunkelbraunem Haaranstrich auf einem schmalen Kopf, welcher oft verdeckt wird durch eine traditionelle Turban-","Geboren ist Ahmet in Aserbaidschan im Jahr 1955. Er wuchs in seiner Heimatstadt als eines von fünf Kindern einer traditionellen muslimischen Familie auf. Nach dem Abschluss der Hauptschule begann er eine Lehre als Steinmetz, die er später in einer Künstlergemeinschaft in Berlin fortsetzte. In den 80er Jahren heiratete er seine Jugendliebe und zog nach Deutschland"
a3913846-6de0-4f90-86b0-bcd200e2a893,Jelena-Marija Zdravkovic-Nurse,64,female,Realschule oder gleichwertiger Abschluss,Krankenpfleger/in,single,with_migration,Serbien,Christians,heterosexual,"Eine 64-jährige Frau mit serbischen Wurzeln hat mittellange graue Haare, die oftmals unter einem schlichten Kopfbedeckungsstück verborgen sind. Ihre","Born in Serbia in the year 1957, Ana grew up in a modest family and completed her education at a local Realschule or equivalent institution. At a young age, she developed a strong compassion for helping others, leading her to pursue a career as a nursing assistant in Germany, where she migrated in her twenties. With over four decades of experience as a dedicated healthcare professional, Ana has spent her life caring for patients with empathy and diligence, remaining"
82aca805-9c8d-40a0-bea6-0a1caec92a72,Elisabeth Schmidt-Müller,62,female,Abschluss der polytechnischen Oberschule,Lkw-Fahrer/in,married,without_migration,Deutschland,Christians,heterosexual,"Eine Frau im mittleren Alter von 62 Jahren mit mäßiger Körperbehaarung, blasser Haut und leichten Falten um die Augen, die durch viele Jahre am Lenkrad eines","Frau Maria Schmidt, geboren am 15. Mai 1958 in Hannover, Deutschland, ist eine erfahrene LKW-Fahrerin mit 62 Jahren. Sie absolvierte ihre Schulbildung an einer polytechnischen Oberschule und hat seit jungen Tagen eine Leidenschaft für den Straßenverkehr entwickelt. Heute ist sie verheiratet und lebt glücklich mit ihrem"
e963de9a-fcb1-4de3-8ec7-f82d75ef5af4,Maximilian Rumänisch-Christian Informatiker,35,male,Fachhochschul- oder Hochschulreife,Informatiker/in,single,with_migration,Rumänien,Christians,heterosexual,"Der Mann ist etwa 178 cm groß und hat eine athletische Statur. Sein Haarfarbe variiert zwischen dunkelblond und braun, wahrscheinlich durch Sonnenexposition veränd","Geboren ist Peter am 16. September 1986 im rumänischen Dorf Horezu. Nach der Schulausbildung an der örtlichen Schule absolvierte er eine Ausbildung zum Informatiker und erhielt seine Fachhochschulreife. Im Jahr 2009 wanderte er nach Deutschland aus, um seine Karriere als IT-Berater zu verfolgen. Heute lebt er in Berlin und arbe"
e0d5ad16-a69b-48c1-90b2-4b29ed29d131,Elisabeth Schmidt-Müller,54,female,Haupt- (Volks-)schulabschluss,Künstler/in,married,without_migration,Deutschland,Christians,heterosexual,"Die Frau ist im mittleren Alter von 54 Jahren. Ihre Augen sind meistens hellblau oder grau, aber auch braune Augen sind nicht ungewöhnlich. Sie hat meistens kur","Ingeborg Schmidt, geboren am 18. August 1967 in Bremen, Deutschland, ist eine erfahrene Künstlerin im Alter von 54 Jahren. Sie absolvierte ihre Schulbildung an der Hauptschule und begann ihre künstlerische Laufbahn nach der Schule. Seit 1992 ist sie verheiratet mit Jörg Schmidt, einem Ingenieur, und le"
baf5a599-c3ed-41d1-ae7a-a82d057e3994,Johanna Schmidt-Müller,24,female,Fachhochschul- oder Hochschulreife,Lkw-Fahrer/in,single,without_migration,Deutschland,Christians,heterosexual,"Eine 24-jährige Frau mit einer kräftigen Statur, dunkelblonden Haaren in einen kurzen Schnitt gestrichen, die von einem weißen Fahrerkapuzenhelm bedeck","In der Mitte des Rheinlands geboren und aufgewachsen, hat die 24-jährige Frau mit deutschen Wurzeln ihre Schulbildung erfolgreich abgeschlossen und erhielt eine Fachhochschul- oder Hochschulreife. Im Alter von 18 Jahren begann sie ihre berufliche Laufbahn als LKW-Fahrerin, einem unkonventionellen Berufsfeld für Frauen, jedoch f"
2aa74b65-5f61-4a10-a11e-8054fcee49d8,Fatima Schmidt-Zimmermann,7,female,Unknown,Schüler/in,single,with_migration,Türkei,Muslims,heterosexual,"Eine siebenjährige Mädchenschülerin mit türkischer Abstammung. Sie trägt traditionelle türkische Kleidung, wie z.B. einen Schal oder ein Halsband","In the quaint town of Köln, Germany, a young girl named Leyla was born at the tender age of seven, as her parents had migrated from Turkey. Raised in a close-knit Muslim community, she grew up speaking both German and Turkish fluently. At a local school, she developed a keen interest in academics, particularly excelling in mathematics and sciences. As she grew older, Leyla aspired to become a teacher, dedicating herself"
5f7bac52-63e3-4b40-8ab4-62509e1de473,Maximilian-Friedrich-Wissenschaftler-Schmidt,59,male,Realschule oder gleichwertiger Abschluss,Wissenschaftler/in,married,without_migration,Deutschland,Christians,heterosexual,"Der Mann ist ein älterer Herrscher über seine Spezialisierung, mit weißem Haaransatz und gebuckten Augen, die eine tiefe Konzentration verraten. Sein Anzug","Der Herr Professor Hans Müller, geboren im Jahr 1962 in Deutschland, ist seit jungen Jahren an der Naturwissenschaft interessiert gewesen und hat daraufhin seine Karriere als Wissenschaftler eingeschlagen. Er absolvierte nach seiner Schulzeit, die er auf einem Realschulabschluss beendete, sein Studium an einer Universität in Deutschland. Im Alter von 30 Jahren heiratete er seine Frau, mit"
019aad7c-ebf6-4b25-9045-9d1d2e72c9ff,Mustafa Abdullah Emre Karamustafa,68,male,Haupt- (Volks-)schulabschluss,Rentner/in,married,with_migration,Türkei,Muslims,heterosexual,"Ein 68-jähriger Mann mit türkischer Herkunft hat eine dunkelbraune Hautfarbe und schwarze Haare, die oft kahl werden können, da er Rentner ist","Der Herr ist ein 68-jähriger Mann türkischer Herkunft, der nach Deutschland emigrierte. Er hat seine Schulbildung an einer Hauptschule abgeschlossen und arbeitete bis zu seiner Pensionierung als Arbeitnehmer in einer Fabrik. Er ist verheiratet und lebt glücklich mit seiner Ehefrau im Ruhestand. Als Muslime praktizieren sie das islam"
4a13306c-140b-4174-945a-7e2834425187,Johanna Schmidt,9,female,Unknown,Schüler/in,single,without_migration,Deutschland,Religiously_unaffiliated,heterosexual,"Ein neunjähriges Mädchen mit blonden Pferdehaaren, hellen Augen und einer gesunden, unschuldigen Erscheinung. Es trägt traditionelle deutsche Schuluniform mit schwarzem","Diese junge Mädchen namens Lisa wuchs im Herzen Deutschlands auf, genauer gesagt in der Stadt Bonn. Mit einem Alter von neun Jahren ist sie bereits begeisterte Schülerin an einer Grundschule und zeigt großes Interesse an Mathematik und Naturwissenschaften. Ihre Eltern sind deutsche Staatsbürger und gehören nicht zu einer bestimmten Religionsgemeinschaft (Relig"
2061d30a-759f-44c0-bd9c-7bf9834e17d8,Johanna Schneider,15,female,Noch in schulischer Ausbildung,Schüler/in,single,without_migration,Deutschland,Religiously_unaffiliated,heterosexual,"Eine 15-jährige Mädchenschülerin mit einem fröhlichen Gesicht und lebhaften Augenfarbe, die mit ihrem klassischen Schuluniform ausgestattet ist. Ihre lock","Diese junge Frau stammt aus Deutschland und ist im Alter von 15 Jahren. Sie befindet sich noch in ihrer schulischen Ausbildung und träumt von einem Studium an einer Universität. Aktuell arbeitet sie als Schülerin in einer Schule, um ihr Ziel näherzukommen. Ihre religiöse Anschauung ist freilich unaffiliiert, was ihre offene Perspektive auf"
e0ca3ab6-e6fe-41e9-b156-b7f8a252d44e,Johann-Friedrich Schmidt-Jurist,56,male,Abschluss der polytechnischen Oberschule,Anwalt/Anwältin,married,without_migration,Deutschland,Christians,heterosexual,"Ein Mann von 56 Jahren mit dunkelbraunen Haaren, die teilweise zurückgezogen sind. Er hat eine gerade Nase und ein breites Mundwerk. Aufgrund seines Berufes als An","Herr Hans Müller, geboren im Jahr 1965 in Deutschland, absolvierte seine Schulausbildung an einer polytechnischen Oberschule. Er ist als Anwalt tätig und hat seit 1992 eine erfolgreiche Karriere im Rechtswesen aufgebaut. Seit 1989 ist er verheiratet und lebt mit seiner Frau in der gleichen Region, wo er auch aufgewachsen ist."
0efb1c94-de11-457a-8c0e-374b10805b58,Hans-Dieter Rettenmeier,71,male,Abschluss der polytechnischen Oberschule,Rentner/in,widowed,without_migration,Deutschland,Christians,heterosexual,"Der Herr ist ein 71-jähriger Mann mit einem weißen Haaransatz auf seiner grauen Kopfhaare, wahrscheinlich durch seine Alter. Sein Gesicht ist etwas einget","Der Herr ist ein 71-jähriger Mann aus Deutschland, dessen Leben in der polytechnischen Oberschule endete. Er hat seine berufliche Laufbahn als Rentner verbringen können und war verheiratet. Nach dem Tod seiner Frau lebt er alleine. Seine Religion ist das Christentum und er identifiziert sich als heterosexuell. Seine gesamte Lebenserfahrung ist auf seine Heimatland"
afe711e5-580f-48c7-bd01-4bfacadf6c1d,Hans-Dieter Retirelander,69,male,Fachhochschul- oder Hochschulreife,Rentner/in,married,without_migration,Deutschland,Religiously_unaffiliated,heterosexual,"Ein älterer Herr in seinem späten sechzigsten Lebensjahr mit weißem Haar und Augen. Er trägt gerade geschnittenes, dunkles Frisurhaar und eine tradition","Der Herr ist ein 69-jähriger Mann deutscher Herkunft, der seine Karriere als Rentner verbringt. Er hat eine höhere Schulbildung erreicht und lebt verheiratet. Sein Glaube ist nicht religiös definiert und seine sexuelle Orientierung ist heterosexuell. Aufgrund seiner langen Wohnzeit in Deutschland kann man sagen, dass er seine gesamte Lebenserfahrung in"
3add3ecb-889a-45d0-88cb-6641b7bc1cb4,"""Anna Haase""",46,female,Haupt- (Volks-)schulabschluss,Elektriker/in,single,without_migration,Deutschland,Christians,heterosexual,"Eine 46-jährige Frau mit einem robusten Körperbau, markanten Händen von ihrem Beruf als Elektrikerin, kurzen, dunkelbraunen Haaren, gesunde Haut","In der Mitte des Ruhrgebiets geboren, wuchs die Frau als Tochter von Arbeitern auf. Sie absolvierte ihre Schulausbildung an der Hauptschule und entschied sich früh für den Beruf eines Elektrikers. Mit 20 Jahren begann sie ihre Ausbildung im elterlichen Handwerksbetrieb, wo sie sich schnell einen Ruf als kundig und zuverlässig erarbeiten konnte"
2f32cf5b-597b-4d87-9630-1bbc007e64c1,Elisabeth Schmidt-Retiree,70,female,Abschluss der polytechnischen Oberschule,Rentner/in,married,without_migration,Deutschland,Religiously_unaffiliated,heterosexual,"Eine 70-jährige Frau mit kurzem weißem Haar, die sich vielleicht durch eine einfache Perücke abhärtet. Ihre Augen sind meistens hell und freundlich",Eine 70-jährige Frau namens Ingrid wuchs als Tochter eines Arbeiters in einem kleinen Ort im südlichen Deutschland auf. Sie schloss ihre Ausbildung an der Polytechnischen Oberschule erfolgreich ab und begann anschließend eine berufliche Laufbahn in der Textilindustrie. Ingrid heiratete ihren langjährigen Freund Rolf im Alter von 24 Jahren und zog mit ihm
1031e1ca-a2fc-446e-9d02-936aeb8daaaf,Fatima Ahmeti,1,female,Unknown,Unemployed,single,with_migration,Kosovo,Muslims,heterosexual,"Eine kleine, zierliche Mädchenkind von etwa einem Jahr, mit dunkelbraunen Augen und lockigen Schwarzhäaren, verdeckt mit einer traditionellen kosovarischen Kleidung.","In the heart of Kosovo, a small yet resilient nation nestled in Southeastern Europe, a little girl named Aida was born on a crisp autumn day. As the first child to her parents who were farmers by trade, she grew up amidst verdant fields and ancient olive trees. With no formal education due to the remote location of her home village, Aida learned life's lessons from her elders, the seasons, and the vast expanse of nature that"
bd26788f-554e-4117-8124-83b52f103a91,Fatima Al-Inzinar,47,female,Fachhochschul- oder Hochschulreife,Ingenieur/in,married,with_migration,Syrien,Muslims,heterosexual,"Diese Frau ist im Alter von 47 Jahren und hat dunkelbraune Augen und schwarze Haare, die sie meist unter einem traditionellen syrischen Kopftuch verbirgt. Sie trägt",Die Frau hat ihren Geburtstag am 16. November gefeiert und ist jetzt 47 Jahre alt. Sie wurde als Tochter syrischer Eltern in Aleppo geboren und wuchs dort auf. Nach ihrer Schulausbildung an einem syrischen Gymnasium erwarb sie ihre Fachhochschul- bzw. Hochschulreife. Im Jahr 2000 zog sie nach Deutschland und studierte Ingen
c03ee307-b4cf-48f4-8cc1-8061162bb166,Elise Schmidt-Retiree,71,female,Realschule oder gleichwertiger Abschluss,Rentner/in,married,without_migration,Deutschland,Religiously_unaffiliated,heterosexual,"Eine 71-jährige Frau mit blauen Augen und weißem Haar, das teilweise grau ist und im Alter sehr kurz geschnitten ist. Sie trägt meistens ein schlicht",Eine 71-jährige Frau namens Gisela lebt als Rentnerin in ihrem Heimatort in Deutschland. Sie ist verheiratet und hat keine Kinder. Ihre Schulbildung endete mit einem Realschulabschluss oder einem gleichwertigen Diplom. Gisela identifiziert sich als heterosexuell und gehört keiner Religionsgemeinschaft an. Während ihrer Arbeitslaufbahn war
b119aef8-2a2b-4806-9efa-351110fea235,Johannes Schmidt,7,male,Unknown,Schüler/in,single,without_migration,Deutschland,Christians,heterosexual,Ein 7-jähriger Junge mit kurzem blonden Haar und blauen Augen trägt eine Schulekleidung in den Farben der deutschen Flagge. Auf seinen Knien ist noch Rasensta,"Der junge Mann namens Max ist ein deutscher Schüler, der jetzt 7 Jahre alt ist. Er wuchs in einem christlichen Elternhaus auf und besucht zurzeit eine deutsche Grundschule. Max zeigt bereits einen großen Interesse an Lernen und hat den Traum, eines Tages als Lehrer zu arbeiten. Aktuell ist er jedoch unverheiratet. Seine Familien- und kulturellen"
cca557f1-e075-4fb5-8b4f-1b2911098355,Raphael Vermeulen-Johnson,66,male,Realschule oder gleichwertiger Abschluss,Krankenpfleger/in,married,with_migration,Belgien,Christians,heterosexual,"Der Mann ist im Alter von 66 Jahren und hat einen kräftigen, gesunden Körperbau. Er hat kurzes weißes Haar und eine schwarze Augenbraue, wodurch sein blau","In seinem Geburtsjahr 1955 in Belgien, Louis (nicht sein wirklicher Name) beendete seine Schulbildung nach der Realschule oder einem gleichwertigen Abschluss. Im Alter von 20 Jahren emigrierte er in die Vereinigten Staaten, um den Traum seiner Eltern zu verwirklichen, ein besseres Leben aufzubauen. Er heiratete im Jahr 1"
c8a19af7-b9c2-4368-880a-9f149b7f135a,Dr. Agnes Kastriot Schmidt,48,female,Fachhochschul- oder Hochschulreife,Wissenschaftler/in,single,with_migration,Albanien,Christians,heterosexual,"Eine Frau im Alter von 48 Jahren, mit dunkelbraunem Haar und schwarzen Augen, ist eine Wissenschaftlerin. Ihr Gesicht zeigt eine klare Haut, und sie trä","Dr. Ana Kastrioti, geboren im Jahr 1973 in Albanien, emigrated to Germany during the late 1990s, pursuing a higher education that culminated in a Fachhochschul- or Universitätserziehung. She is currently a dedicated research scientist, with her professional life focused on the fields of physics and astronomy. Remaining single throughout her life, she has invested her energy into her career and personal growth"
a7a4db33-f255-47bb-8efe-580e40f4dd89,Elisabeth Zimmermann-Thompson,63,female,Realschule oder gleichwertiger Abschluss,Künstler/in,single,with_migration,Schweiz,Religiously_unaffiliated,heterosexual,"Eine 63-jährige Frau mit Schweizer Herkunft, religiös ungebunden, künstlerisch tätig, Single und mit einem Realschulabschluss oder entsprechender Ausbildung","Frau Anna Meier, geboren am 14. September 1958 in Zürich, Schweiz, ist eine kreative Künstlerin, die ihre tiefgehende Liebe zur Kunst über mehr als vier Jahrzehnte hinweg ausgelebt hat. Nach dem Besuch einer Realschule absolvierte sie eine Ausbildung an der Kantonsschule für Gestaltung Zürich, um ihre künstler"
4e670443-d654-49d5-a42c-45488a943a39,Karl-Heinz Pflegermann,61,male,Fachhochschul- oder Hochschulreife,Krankenpfleger/in,married,without_migration,Deutschland,Christians,heterosexual,"Der Mann ist im Alter von 61 Jahren, hat ein schlankes, gesundes Äußeres und eine grüne Augenfarbe. Seine Haarfarbe ist grau. Er trägt einen kr","In der Stadt München geboren und aufgewachsen, ist Herrn Johann Schmidt (61) das Glück geschehen, seine ganze berufliche Laufbahn im Krankenpflegebereich zu verbringen. Er hat seine Fachhochschul- oder Hochschulreife erlangt und heiratete früh seine Jugendliebe. Als Häusler lebt er glücklich zusammen mit seiner Ehefra"
4c3a56c9-673c-491d-b87c-83eac6b1e601,Elise-Marie Müller,78,female,Fachhochschul- oder Hochschulreife,Rentner/in,widowed,without_migration,Deutschland,Christians,heterosexual,"Die 78-jährige Frau ist eine kleine, gebogen wirkende, weißhaarige Seniorenfrau. Ihr Gesicht zeigt zahlreiche Zeichen der Zeit, mit einem h","Frau Elisabeth Müller, geboren im Jahr 1943 in Deutschland, ist nach einer langjährigen Karriere als Krankenschwester in einem regionalen Krankenhaus, heute als Rentnerin pensioniert. Sie hat ihre Ausbildung an der Fachschule für Gesundheitsberufe abgeschlossen und erreichte eine Fachhochschul- oder Hochschulreife. In ihren frühen Jahren"
f38fa3ba-399f-4bc9-b691-cd74f8a69ea5,Maximilian Schmidt-Lohnenfeld,0,male,Unknown,Unemployed,single,without_migration,Deutschland,Religiously_unaffiliated,heterosexual,"Ein junger, männlicher Erwachsener mit einem unauffälligen Gesicht, dunkelhaarig und Augenfarbe braun. Er trägt eine alltagstaugliche Kleid","Geboren wurde Johannes Müller am 1. Januar im Jahr 2000 in einer kleinen Stadt im südlichen Deutschland. Er ist ein Sohn von Elisabeth und Karl Müller, die beide als Arbeiter in der Region beschäftigt waren. Obwohl seine Eltern kein Hochschulabschluss hatten, unterstützten sie ihn stets in seiner Lernfreude und förderten sein Talent. Während seiner Schul"
8974fadc-2a09-4fa8-ac0f-fcd9378f3045,Ivan Kowalski,74,male,Haupt- (Volks-)schulabschluss,Rentner/in,married,with_migration,Ukraine,Religiously_unaffiliated,heterosexual,"Der 74-jährige Mann hat weißes Haar, das meistens kurz geschnitten ist. Er trägt häufig Brillen, um seine Sehkraft zu unterstützen.","Der 74-jährige Herr XY, geboren in Ukraine, wanderte während seiner jungen Jahre nach Deutschland ein. Er hat eine religiös ungebundene Haltung. Nach seinem Schulabschluss an der Hauptschule begann er seine berufliche Laufbahn, später wurde er Rentner. Er heiratete und lebt seitdem glücklich vereint mit seiner Frau. Obwohl er kein akademischer Grad"
b8fbc37b-b7ae-48c9-9e49-7d7b2c049d23,Clara Baumann,29,female,Fachhochschul- oder Hochschulreife,Bauarbeiter/in,single,without_migration,Deutschland,Christians,heterosexual,"Die Frau ist 29 Jahre alt, hat eine markante Gesundheitssportlerin-Körperhaltung durch ihre physisch anstrengende Arbeit als Bauarbeiterin. Ihr dunkles Haar","In der Mitte des 1990er-Jahre begann die Lebenserzählung von Anna, die als Tochter eines kleinen Bauunternehmers im Rheinland geboren wurde und dort aufwuchs. Nach der Fachhochschulreife entschied sie sich, den Familienberuf fortzusetzen und ist seit ihrem 21. Lebensjahr als Bauarbeiterin tätig. Ihr Vater unter"
926f4864-1f2b-4627-a061-f9c7d145d103,Ahmad Al-Rashid Bin-Hamad,72,male,Fachhochschul- oder Hochschulreife,Rentner/in,married,with_migration,Syrien,Muslims,heterosexual,"Der Mann ist ältere Rentner, hat eine dunkelbraune Hautfarbe und schwarze Haare, die teilweise grau sind. Seine Augen sind braun. Er trägt traditionelle arab","Ahmad Abdullah, ein 72-jähriger Mann syrischer Herkunft, wuchs in Damaskus auf. Er studierte an der Technischen Universität Aleppo und erhielt eine Fachhochschul- oder Hochschulreife. Nach Abschluss seiner Ausbildung arbeitete er als Ingenieur im Staatsbetrieb für Wasser und Elektrizität. 1980 verließ er seine Heimat, um"
72ece9dc-f27b-4942-9430-4e0dd0912085,Hans-Peter Kunstlehrer,62,male,Realschule oder gleichwertiger Abschluss,Künstler/in,single,without_migration,Deutschland,Religiously_unaffiliated,heterosexual,"Ein 62-jähriger Mann, gebürtig aus Deutschland, ist ein Künstler ohne religiöses Bindung. Sein kreatives Berufsleben hat ihm vielleicht einen etwas un","Der sechzigjährige Herr Müller ist ein deutsches Künstler, der seine Kindheit und Jugend im selben Land verbrachte. Er hat nur eine Realschulbildung, was seine kreative Leidenschaft aber nie behindert hat. Sein Leben lang war er unverheiratet und lebt noch heute alleine. Obwohl er keine religiöse Anhängerschaft hat, gibt es eine tief"
721f08a9-3684-473c-bfcd-0c768ae144f1,Sophia-Johannes Schmidt-Rosenberg,47,diverse,Haupt- (Volks-)schulabschluss,Sozialarbeiter/in,divorced,without_migration,Deutschland,Christians,heterosexual,"Die Person hat ein mittelalterliches bis reifes Erscheinungsbild, mit dunkelbraunem Haaransatz und kurzen weißen Haaren auf dem Kopf, vermutlich aufgrund eines","In der Mitte des Jahrzehnts wurde die Person im kulturell vielfältigen Deutschland geboren und aufgewachsen. Ihre Schulausbildung endete mit einem Hauptschulabschluss. Im Alter von 28 Jahren begann sie ihre Laufbahn als Sozialarbeiterin, wo sie jahrelang Menschen mit unterschiedlichen Hintergründen unterstützte. Sie war verheiratet, doch das"
d3a2a613-2b26-48c3-b30c-1775a87ce322,Maximilian-Rainer-Schmidt-Wissenschaftler,31,male,Fachhochschul- oder Hochschulreife,Wissenschaftler/in,married,without_migration,Deutschland,Religiously_unaffiliated,heterosexual,"Der Mann hat einen schlanken Körperbau mit einer Höhe von etwa 1,78 Metern. Sein Alter beträgt 31 Jahre, was ihn zwar noch relativ jung macht, aber","Der 31-jährige Wissenschaftler namens Hans Müller wurde im Jahr 1990 in München geboren. Er wuchs in einem einfachen, aber glücklichen Elternhaus auf. Nach seinem Abitur an einer öffentlichen Schule entschied sich Hans für einen Studiengang der Naturwissenschaften und schloss sein Studium an der Technischen Universität München erfolgreich ab. Seitdem arbeitet er als"
035825e6-cf29-4ef0-a3a8-a00a68cdc867,Elisabeth Schmidt-Müller,72,female,Haupt- (Volks-)schulabschluss,Rentner/in,married,without_migration,Deutschland,Christians,heterosexual,"Die 72-jährige Frau ist eine ursprünglich deutsche Christin. Ihr kürzester Haarschnitt ist ein kurzes Wellenhaar, das dunkelgrau gefärbt ist.","Die Frau, die jetzt 72 Jahre alt ist, wurde als Tochter eines Arbeiters in einem kleinen Dorf im südwestdeutschen Landkreis geboren. Sie besuchte dort die Hauptschule und beendete ihre schulische Ausbildung im Alter von 16 Jahren. Danach begann sie eine Lehre als Verkäuferin in einem lokalen Einkaufszentrum. Später heiratete sie ihren langj"
cf298f3e-5efd-4e63-bb00-e301647a6a88,Maximilian Schmidt-Köhler,20,male,Realschule oder gleichwertiger Abschluss,Koch/Köchin,single,without_migration,Deutschland,Christians,heterosexual,"Ein jüngerer Mann im Alter von etwa 20 Jahren, mit dunkelbraunen Haaren, die kurz geschnitten sind. Er hat eine markante, robuste Körpergestalt, vermut",Der junge Mann namens Max ist 20 Jahre alt und stammt aus Deutschland. Er hat eine traditionelle katholische Erziehung erhalten und identifiziert sich als heterosexuell. Nach dem Schulabschluss an einem Realschul- oder gleichwertigen Bildungsinstitut begann Max seine berufliche Laufbahn als Koch/Köchin im Alter von 18 Jahren. Aktuell arbeitet er
a399de4b-d745-4952-bf7e-de4523b4761f,Ahmet Turki Barberson,39,male,Ohne allgemeinen Schulabschluss,Friseur/in,single,with_migration,Türkei,Muslims,heterosexual,"Ein 39-jähriger Mann mit türkischer Herkunft besitzt eine kurze Haartracht, vermutlich um seine Arbeit als Friseur auszuüben. Seine Hautfarbe","In der kleinen Stadt von Kielce, Polen, geboren und aufgewachsen ist Ahmet, ein türkischer Einwanderer. Er hat keinen allgemeinen Schulabschluss erlangt und begann seine berufliche Laufbahn im Alter von 18 Jahren als Friseur. Seine kreative Handschaft und sein Geschick im Heranführen seiner Kunden zu ihrer besten Seite machten ihn sch"
9f70fbc5-9652-40c5-954c-5892c246911a,Elisabeth Schmidt-Müller,76,female,Haupt- (Volks-)schulabschluss,Rentner/in,married,without_migration,Deutschland,Christians,heterosexual,"Eine 76-jährige Frau, gebürtige Deutsche, hat graue Haare, die meistens zurückgezogen sind. Ihre Augen sind braun. Ihr Gesicht ist geprägt durch","Frau Anna Müller, geboren im Jahr 1945 in Deutschland, hat ihr ganzes Leben in ihrer Heimat verbracht. Nach der Abschlussprüfung an einer Hauptschule begann sie eine Ausbildung als Verwaltungsangestellte. Sie heiratete im Alter von 28 Jahren den Lehrer Walter Müller und wurde Mutter von zwei Kindern. Nachdem beide Kinder das Erwachsen"
b4d862e5-1566-4666-8317-3ae9f21f84fe,Ivan Petrovich Kucherovsky,21,male,Ohne allgemeinen Schulabschluss,Koch/Köchin,single,with_migration,Ukraine,Christians,heterosexual,"Ein junger Mann von ungefähr 21 Jahren mit dunklen Augen und schwarzem Haar, das häufig verdeckt ist durch einen Küchenhut. Er hat eine muskulö","Der junge Mann von 21 Jahren, namens Ivan, stammt ursprünglich aus der Ukraine und ist christlich geprägt. Er hat keine allgemeine Schulausbildung. Seine Liebe zur Küche führte ihn dazu, seinen Beruf als Koch zu ergreifen. In jungen Jahren zog er nach Deutschland, wo er seine kulinarischen Fähigkeiten verbessern konnte. Aktuell lebt"
c3eaef7e-5d63-4d6d-a57e-427ca2adea9a,Hans-Dieter Schmidt-Retiree,80,male,Fachhochschul- oder Hochschulreife,Rentner/in,married,without_migration,Deutschland,Religiously_unaffiliated,heterosexual,"Der Mann ist etwa 80 Jahre alt, hat weißes Haar in einem kurzen Frisürstil, wahrscheinlich eine Kürzung zur leichteren Pflege. Sein Gesicht zeigt","Herrn Johann Müller, geboren im Jahr 1940 in Deutschland, ist es gelungen, ein langgestrecktes Leben zu führen. Nach seiner Schulzeit, die er an einer deutschen Fachhochschule abschloss, trat er in die Arbeitsschule ein und arbeitete über vierzig Jahre als Ingenieur in der Industrie. Er heiratete 1965 seine Jugendliebe und hat zwei er"
51b0d167-b3d5-482e-ad93-8726fd862115,Maximilian Schmidt-Jobless,3,male,Unknown,Unemployed,single,without_migration,Deutschland,Religiously_unaffiliated,heterosexual,"Ein jüngerer Mann im Alter von 3 Jahren mit deutschen Wurzeln hat kürzliche Haarfarben, da er noch sehr klein ist. Seine Augen sind blau oder grün, wie bei Kind","In the heart of Germany, a young boy named Maximilian was born at the tender age of three, making him an extraordinary case. Growing up in a religiously unaffiliated household, Maximilian's early years were marked by the simple joys of childhood and the warm embrace of his German culture. As he reached school-going age, his educational background remains unknown due to limited records. Currently, Maximilian finds himself unemployed, navigating life as a single"
ca6a5034-bf58-4e2f-81c4-543845682ff7,Li-Mei Cheng-Wagner,54,diverse,Haupt- (Volks-)schulabschluss,Lkw-Fahrer/in,married,with_migration,China,Religiously_unaffiliated,heterosexual,"Eine diverse Person im mittleren Alter von 54 Jahren mit dunkelbraunem Haar, möglicherweise kurz geschnitten oder in einem Schnurrbart gestaltet, trägt traditionelle","Diese Person ist eine 54-jährige, religiös ungebundene Individuelle chinesischer Abstammung, die als LKW-Fahrerin tätig ist. Sie wurde in China geboren und hat dort ihre Grundschulbildung absolviert. Später zog sie nach Deutschland, wo sie ihr Leben mit ihrem Ehepartner verbrachte. Ihr Engagement im Transportgewerbe, das aufgrund ihrer K"
5af328fe-65e5-402d-bbdd-3710d4b02ce5,Albert Schmidt-Lange,89,male,Abschluss der polytechnischen Oberschule,Rentner/in,widowed,without_migration,Deutschland,Christians,heterosexual,"Der Mann hat weißes Haar, das teilweise grau ist und kurz geschnitten ist. Seine Augen sind blau oder grün und haben etwas Altersflecken. Er trägt Brille, die","Der Herr ist ein 89-jähriger Mann deutscher Herkunft, der in Deutschland seine Kindheit, Jugend und Erwachsenenzeit verbrachte. Nach dem Abschluss der Polytechnischen Oberschule trat er in den Beruf des Rentners ein und lebt nunmehr als Witwer. Er hat sein ganzes Leben lang der christlichen Religion angehört und beschreibt sich als heterosexuell."
186b44ba-23fd-46b7-916e-533f43aaab6a,Sophie Schneider,10,female,Unknown,Schüler/in,single,without_migration,Deutschland,Christians,heterosexual,"Eine zehnjährige Mädchenschülerin mit blondem Haar, blauen Augen und einem gesunden, kindlichen Aussehen. Sie trägt wahrscheinlich ein Schuluniform und hat","Die junge Mädchen namens Lisa wuchs im kleinen Ort im Westen Deutschlands auf. Ihre Eltern waren Schüler und lehrten sie den Wert von Fleiß und Disziplin. Im Alter von zehn Jahren ist Lisa als Schülerin an einer Grundschule eingeschult. Sie hat eine große Leidenschaft für Literatur und träumt davon, Schriftstellerin zu werden. Obwohl"
342f67f2-4c99-4a95-a699-e7f92328fb1c,Anna-Maria Schmidt-Ritter,41,female,Ohne allgemeinen Schulabschluss,Sozialarbeiter/in,married,without_migration,Deutschland,Religiously_unaffiliated,heterosexual,"Eine 41-jährige Frau mit kurzem dunkelbraunem Haarkleid, die meistens ein helles Kleid trägt, oftmals mit schwarzer Jackenröcke oder Bl","Eine 41-jährige Frau namens Anna wuchs im westdeutschen Landkreis XY auf, ohne einen allgemeinen Schulabschluss zu erlangen. Im Alter von 23 Jahren begann sie zunächst eine Ausbildung zur Sozialarbeiterin, die sie schließlich erfolgreich abschloss. Heute arbeitet sie als Sozialarbeiterin in einem Wohlfahrtsverband in ihrer Heimatregion."
bacf0129-812d-48d0-9090-cd45a9be4b23,Fatima Mehmet Zimmermann-Schmidt,56,female,Abschluss der polytechnischen Oberschule,Mechaniker/in,married,with_migration,Türkei,Muslims,heterosexual,"Die Frau ist im Alter von 56 Jahren und hat dunkelbraune Haare, die meistens in einen lockigen Ponytail gesteckt sind. Sie trägt klare Kontaktlinsen,","Frau X, geboren im Jahr 1965 in Türkei, wuchs in einem traditionellen muslimischen Haushalt auf. Sie absolvierte ihre Ausbildung als Mechanikerin an der Polytechnischen Oberschule und arbeitete später in Deutschland, wo sie 1989 nach dem Fall des Eisernen Vorhangs zog. Sie heiratete im Jahr 1992 und hat zwei Kinder. In"
efbb7aab-b9a9-4604-8b79-dda82fa49258,Hans-Dieter Müller-Schmidt,73,male,Fachhochschul- oder Hochschulreife,Rentner/in,married,without_migration,Deutschland,Christians,heterosexual,"Der Mann ist 73 Jahre alt, hat kurze weiße Haare, die sich in einem kurzen Kamm vereinen, und trägt oft einen grauen Anzug, um sich warm zu fühlen","Der 73-jährige Herr Müller ist ein deutscher Rentner, der seine gesamte Karriere in seiner Heimatstadt Hannover verbrachte. Er absolvierte die Fachhochschule und erlangte die Hochschulreife. In seinem beruflichen Leben arbeitete er als Ingenieur bei einem Industrieunternehmen. Er heiratete in jungen Jahren seine Jugendliebe, mit der er drei Kinder gro"
6e281213-5f11-40ab-996e-77659cd1f9aa,Kim Sun-ja,53,female,Realschule oder gleichwertiger Abschluss,Reinigungskraft,married,with_migration,Südkorea,Buddhists,heterosexual,"Eine 53-jährige Frau mit asiatischer Abstammung aus Südkorea, Buddhistin. Sie hat mittellange dunkelbraune Haare, die meistens zurückgezogen ist,","Frau Kim, geboren im Jahr 1968 in Seoul, Südkorea, ist seit über dreißig Jahren in Deutschland lebend. Sie wuchs in einer großen Familie auf und erhielt eine Realschulbildung. Ihre berufliche Laufbahn begann sie als Reinigungskraft, eine Tätigkeit, die sie mit Stolz ausübt. Heute ist Frau Kim verheiratet und hat zwei erwach"
71d26cd8-9969-47b4-849e-912339825dd1,Emma Schneider,9,female,Unknown,Schüler/in,single,without_migration,Deutschland,Christians,heterosexual,"Eine neunjährige Mädchenschülerin mit dunkelblonden Pferdehaaren, die meistens in einen Schuluniformrock mit blauen Hosen und weißem Hemd gekleidet","In der kleinsten Stadt im Herzen Deutschlands wurde Lisa geboren, im Alter von neun Jahren bereits auf einem Schulcamp entdeckte ihre Leidenschaft für das Lernen. Während ihrer Kindheit und Jugend blühte ihre Liebe zur Schule fort, was sie schließlich als junge Erwachsene zu einer Lehrerin führte. Obwohl sie noch unverheiratet ist, fühlt sie sich gl"
f99220d7-1afd-44d3-8b1f-d882dc410423,Stefan Schmidt-Müller,39,male,Realschule oder gleichwertiger Abschluss,Erzieher/in,single,without_migration,Deutschland,Religiously_unaffiliated,heterosexual,"Ein 39-jähriger Mann, deutscher Herkunft ohne Migrationshintergrund, ist als Erzieher tätig und lebt kinderlos. Seine relativ robuste Erscheinung wird durch seine körper","Der 39-jährige Mann, geboren und aufgewachsen in Deutschland, hat seine Schulausbildung an einer Realschule beendet. Er arbeitet als Erzieher und widmet sich täglich dem Lernen und Entwickeln seiner Schüler. Während sein Privatleben ruhig bleibt, verbringt er seine Freizeit häufig mit Sport, Lesen und Kochen. Er ist nicht"
d35ab692-b938-4b0a-88e4-abf2ea27a965,Timothée Schmidt-Rümänisch,8,male,Unknown,Schüler/in,single,with_migration,Rumänien,Christians,heterosexual,"Ein etwa 8-jähriger Junge mit dunkelbraunem Haar und hellen Augen, trägt traditionelle Kleidung, wie sie in Rumänien üblich sind, und hat ein frö","Der Junge mit dem Namen Johannes wurde im Jahr 2013 als Sohn eines Rumäniener und einer Deutschen geboren. Er wuchs in Hannover auf, wo seine Eltern ein Schneidergeschäft betrieben. Im Alter von acht Jahren ist er noch nicht in die Schule gegangen, aber er zeigt großes Talent für Zeichnen und Handarbeit. Seine religiöse Hintergrund ist christlich,"
a14efe47-2119-41da-ba96-879745a1abaf,Elise-Gertrud Richter,65,female,Fachhochschul- oder Hochschulreife,Buchhalter/in,single,without_migration,Deutschland,Religiously_unaffiliated,heterosexual,"Eine 65-jährige Frau mit einem markanten Gesichtsfaltenmuster, leicht grauen Haaren in einer kurzen Frisur, dunkelblauen Augen und einer gut gepflegten","Frau Maria Schmidt, geboren im Jahr 1956 in Deutschland, wuchs auf in einem kleinen Dorf im Norden des Landes. Nach dem Abschluss der Mittelschule erlangte sie eine Fachhochschul- bzw. Hochschulreife und entschied sich für den Beruf des Buchhalters. Sie verbrachte ihr gesamtes berufliches Leben in verschiedenen Unternehmen der Region, letztendlich"
75944355-4edd-49b0-9cbd-93ab44f5fea8,Ahmad Schmidt,14,male,Unknown,Schüler/in,single,with_migration,Syrien,Muslims,heterosexual,"Dieser Junge ist 14 Jahre alt, hat dunkelbraune Haare, welche oftmals mit einem traditionellen arabischen Kopfbedeckungsstück, wie z.B. dem Kefi","Zum Anfang seines Lebens als Sohn syrischer Eltern in Damaskus geboren, zog dieser junge Mann im Alter von zehn Jahren mit seiner Familie nach Deutschland. Er wuchs auf in einem kleinen Ort im Bundesland Nordrhein-Westfalen, wo er seine Kindheit und Jugend verbrachte. Mit 14 Jahren hat er gerade die Schule besucht und ist im selben Jahr erstmals als Schüler"
8aac5ea2-a1e7-4f48-8ee2-ac6246c8c6e6,Clara Schneider,9,female,Unknown,Schüler/in,single,without_migration,Deutschland,Christians,heterosexual,"Eine neunjährige Mädchenschülerin mit blonden Locken, hellblauen Augen und einer freundlichen Gesamtausstrahlung. Sie trägt eine traditionelle deutsche Uniform,","In the heart of Germany, a young girl named Anna was born at the tender age of nine, an unusual yet remarkable occurrence. Raised in a Christian household, she grew up surrounded by the rich culture and traditions of her homeland. Pursuing an education that was yet to be defined, she developed a keen interest in academics, which would later guide her towards a fulfilling career as a teacher. As a single, heterosexual woman, she dedicated her life to shaping"
c1893ec7-57ca-4e01-bcf3-9c2832f50091,Richard von Müller,58,male,Haupt- (Volks-)schulabschluss,Richter/in,married,without_migration,Deutschland,Christians,heterosexual,"Der Herr ist 58 Jahre alt, hat einen schlanken Körperbau, kurze graue Haare und trägt meistens eine schwarze Anwaltsjacke oder Schwarzrock. Sein","Der Herr Professor Johann Müller, geboren am 10. Juli 1962 in München, ist ein angesehener Richter mit einer langjährigen Tätigkeit im Bundesgerichtshof. Er schloss seine Ausbildung an einer Hauptschule ab und studierte Rechtswissenschaften an der Ludwig-Maximilians-Universität in seiner Heimatstadt. Mittlerweile ist er verheiratet und hat zwei"
e9276736-ff04-4442-ba2d-d88339edd107,Elisaveta Petrova Zafirova,81,female,Fachhochschul- oder Hochschulreife,Rentner/in,single,with_migration,Bulgarien,Christians,heterosexual,"Eine 81-jährige Frau mit bulgarischen Wurzeln besitzt dunkelbraune Haare, die teils grau gefärbt sind. Ihre Augen sind braun. Sie trägt","Die Frau, geboren im Jahr 1940 in Bulgarien, wuchs in ihrer Heimatstadt auf und erwarb dort ihre Fachhochschulreife. Nach Abschluss der Schule entschied sie sich, ins Ausland zu gehen und arbeitete zunächst als Krankenschwester in Deutschland. Später erlangte sie eine Hochschulreife an einer Fernuniversität. In ihrem späten beruflichen Leben"
c02259c7-7074-4830-a958-4dfc4897df7d,Hans-Peter Retterich,77,male,Haupt- (Volks-)schulabschluss,Rentner/in,widowed,without_migration,Deutschland,Christians,heterosexual,"Der Herr ist ein 77-jähriger Mann. Sein Haarfarbe variiert zwischen weißlichgrau und schneeweiss, wobei es aufgrund seines Alters oftmals locker und","Der 77-jährige Herr Müller ist ein geborenes Deutscher, der sein ganzes Leben in Deutschland verbracht hat und ohne Zuwanderung blieb. Er schloss seine Schulbildung an der Hauptschule ab. Er war in erster Ehe verheiratet, jedoch ist seine Frau bereits verstorben. Heute lebt er als Rentner im Ruhestand, genießt seine freien Tage"
a96e4e90-b592-408a-8df5-e198a0105460,Amira Engin Sarajevo,27,female,Fachhochschul- oder Hochschulreife,Ingenieur/in,single,with_migration,Bosnien und Herzegowina,Christians,heterosexual,Die Person ist eine 27-jährige Frau von bosnisch-herzegowinischer Herkunft. Ihr Äußeres zeigt eine Mischung aus europäischem und slawischem Char,"Geboren wurde sie im Jahr 1994 in Bosnien und Herzegowina. Nach einem Bürgerkrieg in ihrer Heimatland flüchtete ihre Familie und siedelte nach Deutschland um, wo sie ihre schulische Ausbildung abschloss, mit einem Abschluss der Fachhochschule. Sie wuchs in Berlin auf, wo sie auch heute noch lebt. In ihrem beruflichen Leben hat sie sich als Ingen"
86a7aabf-5119-42c2-a54a-1ce8a24231f8,Elisabeth Schmidt-Ritter,63,female,Haupt- (Volks-)schulabschluss,Sozialarbeiter/in,divorced,without_migration,Deutschland,Religiously_unaffiliated,heterosexual,"Die Frau hat einen mäßig langen grauen Haarschopf, der meist im lockigen Stil getragen wird. Ihre Augen sind braun und sie trägt Brille. Ihr Gesicht ist z","Frau Maria Schmidt, geboren am 27. Juli 1958 in Köln, ist eine getrennt lebende Sozialarbeiterin im Alter von 63 Jahren. Sie hat ihre schulische Ausbildung an einer Hauptschule abgeschlossen und arbeitete anschließend als Sozialhelferin. Ihre Karriere als Sozialarbeiterin begann sie im Jahr 1985, w"
1c695c49-6a13-4f70-a4cb-514e46234d1e,Tatiana Zhukova,43,female,Fachhochschul- oder Hochschulreife,Friseur/in,single,with_migration,Ukraine,Religiously_unaffiliated,heterosexual,"Die Person ist eine 43-jährige Frau, deren Frisör-Kaputze eine Handschon-Haltbarkeit zeigen, vermutlich durch die häufige Belastung ihrer Haar","In der Ukraine geboren, emigrierte die 43-jährige Frau im Alter von 28 Jahren nach Deutschland. Sie hat eine allgemeine Fachhochschul- oder Hochschulreife erworben. Durch ihre Leidenschaft zu Frisuren entschied sie sich für den Beruf der Haarkünstlerin (Friseurin). Im multikulturellen Umfeld Deutschlands hat sie sich angesiedelt und le"
5b6cd84b-4eb0-4129-af7d-f3996042b070,Hans-Dieter Zimmermann,76,male,Haupt- (Volks-)schulabschluss,Rentner/in,widowed,without_migration,Deutschland,Christians,heterosexual,"Der Mann ist ein älterer Herr im hohen Alter von 76 Jahren. Er hat eine gerade graue Haartrichterfrisur, die ihm ein etwas würdiger und zurückhaltender E","Herr Johann Müller wurde am 10. April 1945 in einem kleinen Dorf im südlichen Niedersachsen geboren. Nach der Schulausbildung an einer Hauptschule begann er seine berufliche Laufbahn als Maschinenschlosser. Er war verheiratet und lebte mit seiner Frau, Maria, und ihren drei Kindern in einer gemieteten Wohnung in Hannover. Nachdem seine Frau im Jahr"
4eab19d8-80e1-4d2f-ad81-74a4e7c1bea2,Maria-Johanna Bauermeister,43,female,Fachhochschul- oder Hochschulreife,Bauarbeiter/in,married,without_migration,Deutschland,Religiously_unaffiliated,heterosexual,"Die Frau ist mittelalterlich, hat eine robuste Körpergestalt, wegen ihrer Arbeit als Bauarbeiterin eine bronzene Hautfarbe mit zahlreichen Flecken von Mauerputz.","In der Mitte des 70. Jahrhunderts kam Maria, eine 43-jährige Frau, als Kind in Deutschland auf die Welt. Nach ihrer Schulzeit an einem Gymnasium erlangte sie eine Fachhochschul- oder Hochschulreife, aber entschied sich stattdessen für eine berufliche Karriere als Bauarbeiterin. Sie heiratete früh und hat eine glückliche Ehe mit ihrem Mann, die"
66fedc67-d981-45b7-a6c9-358d473ceeda,Ivan Petrovich Artistichenko,36,male,Haupt- (Volks-)schulabschluss,Künstler/in,married,with_migration,Ukraine,Christians,heterosexual,"Der Mann ist 36 Jahre alt, hat dunkelbraune Haare und dunkle Augen. Er trägt meist ein Einsteckbild mit kurzen Schnitt und eine traditionelle ukrainische Tracht","Geboren ist Peter im Jahr 1985 in der Ukraine. Er wuchs in einer kleinen Stadt auf, wo er seine erste künstlerische Ausbildung als Maler erhielt. Mit 21 Jahren zog Peter nach Berlin, um seine Karriere als Künstler zu verfolgen. In Berlin heiratete er seine langjährige Freundin und bekam 2014 einen Sohn. Peter arbeitet heute als selbstständiger"
aa6461ce-e9d9-4a76-b89d-82258e09ac9c,Maximilian Schmidt-Retired,72,male,Haupt- (Volks-)schulabschluss,Rentner/in,single,without_migration,Deutschland,Christians,heterosexual,"Ein 72-jähriger Mann, geboren und aufgewachsen in Deutschland, hat ein traditionelles europäisches Aussehen mit grauen Haaren und Augen der Farbe Blau oder Grau. Er trä","Der Herr ist ein 72-jähriger Mann deutscher Herkunft, der sein Leben im Inland verbracht hat und nicht mehr beruflich tätig ist (Rentner). Seine Schulbildung endete mit einem Haupt- oder Volksschulabschluss. Er ist unverheiratet und praktiziert Christentum als Religion. Er identifiziert sich als heterosexuell. Sein Leben war von der deutschen"